Time [s],Roi_1,Roi_2,Roi_3
0,270.6432,279.2825,203.8379
1,229.9879,227.0978,213.6015
2,246.5496,278.6245,227.8175
3,213.8524,275.35,247.402
4,182.4367,242.0086,251.9255
5,228.5768,190.1132,234.0875
6,206.5119,262.7158,230.0976
7,249.2546,204.4401,248.9481
8,246.0614,255.3854,234.839
9,220.7986,267.2774,200.1657
10,228.9969,220.9297,186.6695
11,267.0923,212.529,227.5603
12,257.6893,262.3796,205.3127
13,273.4757,261.6825,252.1792
14,284.806,237.8662,209.7971
15,227.7059,218.4631,268.2904
16,195.1769,239.8818,196.9663
17,214.9502,291.4784,248.6636
18,238.4917,199.473,250.7984
19,195.2093,259.5065,218.9945
20,200.8761,237.4009,268.547
21,228.3515,265.1739,243.1256
22,233.8762,203.2748,280.8378
23,212.353,258.9736,228.6375
24,206.5121,264.0032,199.7415
25,213.4696,229.0699,195.4925
26,211.3243,225.1831,254.6343
27,214.2622,278.0577,262.5004
28,229.9251,263.5405,266.9433
29,205.0888,218.1122,271.0361
30,272.1126,217.9411,274.7697
31,254.5167,302.401,265.3118
32,274.7164,258.178,194.6861
33,200.5344,207.1314,207.0757
34,243.2308,273.0189,202.9165
35,294.0878,196.1443,240.0418
36,239.0942,256.9746,220.7619
37,218.5535,272.8784,192.5416
38,281.122,272.3592,229.7885
39,241.7202,286.2567,266.5185
40,196.6548,289.5572,261.2886
41,274.5801,230.0549,230.6821
42,262.6173,226.7935,242.7899
43,217.5601,268.4781,203.5938
44,272.5607,209.8771,223.046
45,237.344,303.766,253.4965
46,253.7029,255.515,248.6923
47,228.6874,262.9419,219.3324
48,271.9935,243.4398,222.1217
49,233.4043,208.268,208.3034
50,239.7362,215.2601,238.9622
51,273.1512,280.9625,185.9812
52,231.5511,211.4229,264.1894
53,231.3931,212.2806,199.4237
54,221.5982,253.7567,258.0312
55,194.8846,273.7304,266.3974
56,283.0259,253.6674,228.1044
57,227.1912,270.058,224.7251
58,235.3304,239.8272,248.171
59,238.4053,258.9916,209.3422
60,238.6141,280.5835,223.8806
61,246.1213,273.8254,226.5816
62,237.8556,290.9449,244.4132
63,281.8097,212.141,209.9281
64,203.1237,261.0362,289.4711
65,198.2429,199.0356,251.3843
66,230.3466,297.4696,221.6026
67,247.138,255.8496,222.8271
68,210.5877,234.0306,249.209
69,225.1131,284.4377,259.9541
70,223.8668,311.842,246.7259
71,246.6968,291.8523,229.7482
72,226.4841,264.5377,249.0218
73,264.0175,280.9094,267.9569
74,271.9937,262.0258,219.4576
75,285.0624,229.6923,284.6956
76,244.5815,285.0953,260.1833
77,217.2064,211.145,261.3662
78,197.6808,292.1059,248.896
79,193.0121,268.6479,246.5208
80,292.3214,244.0443,218.2144
81,230.2181,288.8269,238.7703
82,262.2001,267.1013,260.7621
83,247.4321,257.812,310.8617
84,246.5907,280.6445,231.7855
85,256.6372,236.5744,292.5299
86,270.9522,291.6103,285.0226
87,213.446,225.247,294.8749
88,232.2583,234.4169,254.0752
89,224.2793,210.3452,229.8449
90,224.1662,237.4186,236.9119
91,201.0345,257.2081,253.4314
92,286.4109,240.6463,228.5732
93,201.5262,265.8216,281.5208
94,240.8153,228.6607,253.7144
95,266.9447,243.125,256.4562
96,249.4526,244.725,390.2101
97,223.101,255.0538,635.1389
98,251.2898,283.9559,706.009
99,227.2286,214.2253,1017.238
100,268.5356,209.8286,719.5332
101,284.0408,277.9988,705.6687
102,292.9991,204.3144,597.8909
103,266.4754,255.4397,591.9093
104,215.6487,207.9695,483.5001
105,274.4212,204.929,510.3954
106,287.9029,269.8741,318.3899
107,223.6595,209.4982,327.3106
108,207.2275,221.4361,318.2423
109,292.2783,234.0832,348.9194
110,216.7727,266.5556,238.063
111,259.0484,274.7103,270.46
112,231.4285,233.2807,267.9518
113,297.6643,240.7026,281.3084
114,271.6644,221.7565,278.4745
115,214.4958,215.0435,223.7242
116,215.4567,205.3168,282.8114
117,219.7,267.5541,228.7642
118,222.743,238.7898,270.0967
119,240.2079,234.881,199.8795
120,290.3606,204.4719,279.4015
121,281.6569,279.7666,250.8116
122,214.7237,240.0216,259.8991
123,274.1392,257.9394,293.8309
124,238.3648,212.2992,262.6386
125,299.9714,235.373,301.4271
126,244.7929,222.5608,249.0968
127,217.555,266.622,233.6916
128,280.1641,249.8481,253.9762
129,233.2853,273.7243,218.1692
130,227.9849,305.7573,283.325
131,232.9799,278.6656,216.7916
132,327.1118,257.5068,277.8654
133,220.7254,275.4067,238.7611
134,227.1615,209.9659,236.2074
135,292.6051,217.5144,208.7986
136,274.5201,300.7828,211.6356
137,238.8334,268.7713,216.5667
138,295.0312,297.9772,253.6825
139,256.5371,270.3208,269.0574
140,262.6475,211.0268,290.6992
141,283.3351,232.8826,235.8171
142,317.5334,291.1851,269.6841
143,243.1786,269.1258,265.6664
144,296.324,252.2127,234.0723
145,311.0771,275.7337,194.7073
146,322.6155,222.0101,202.3045
147,223.4178,270.5247,217.7739
148,259.1338,223.3738,229.1466
149,214.9812,236.9995,209.8075
150,265.0491,261.7125,255.3558
151,229.4541,237.086,295.7938
152,240.0813,303.0583,222.1408
153,314.6251,257.9149,244.1199
154,277.1065,215.3814,263.2035
155,307.9378,231.7998,251.8834
156,315.7269,259.0806,210.9587
157,265.6114,301.3005,279.1567
158,333.7986,242.2961,227.0308
159,291.8768,266.4442,257.4436
160,218.1551,306.2262,219.3716
161,286.4778,256.1654,263.0331
162,230.9147,289.0876,241.9993
163,239.3287,289.5172,231.3035
164,237.4667,329.8886,236.6358
165,256.2269,289.0538,203.5494
166,211.5745,244.1292,264.7769
167,264.3394,211.5276,194.2051
168,218.6421,266.9866,259.9013
169,219.9197,235.2572,231.3545
170,296.0797,252.855,225.7852
171,221.0838,222.3303,220.9607
172,231.8195,255.4617,234.9769
173,229.5179,222.5698,250.6211
174,223.5401,219.1124,239.7906
175,248.9359,200.5095,254.4304
176,292.6002,236.6821,214.764
177,210.8451,275.0081,204.3121
178,272.2003,291.4224,272.1573
179,292.0306,283.3914,231.6305
180,230.4065,233.3844,215.5365
181,280.8369,209.7643,224.9303
182,277.4456,265.794,279.2911
183,299.9832,248.6378,242.7945
184,301.7194,280.6925,316.0722
185,283.0378,261.1576,246.2665
186,240.2462,285.7918,272.4135
187,283.8472,295.5396,246.1896
188,267.3634,286.7663,286.8
189,262.2508,211.2112,238.9305
190,244.9445,225.2552,245.3918
191,219.4095,253.891,273.1615
192,326.7914,234.4919,382.6815
193,235.3653,217.5638,703.2789
194,242.967,236.8471,701.6289
195,303.3121,277.0771,930.6642
196,232.1074,229.9327,702.3505
197,304.6629,220.2877,651.9432
198,324.1796,256.049,522.3137
199,318.6524,262.0653,597.9318
200,346.3989,280.6903,420.2214
201,266.838,282.8483,520.5375
202,254.046,300.6806,468.4408
203,306.9888,227.384,304.1523
204,292.3998,238.5561,337.6754
205,292.035,209.5828,245.9937
206,318.39,276.6415,317.7367
207,271.1891,223.6612,308.4556
208,293.5772,250.168,311.6048
209,295.1121,220.1586,239.5617
210,425.912,300.3291,308.6015
211,340.0559,254.3369,243.8922
212,517.307,316.0368,246.519
213,483.6163,285.5254,226.8746
214,882.3657,312.5952,246.9766
215,757.5736,292.5259,298.7406
216,927.558,224.415,251.76
217,820.0486,245.9822,232.0967
218,1039.0358,312.9307,200.3984
219,973.1752,326.2466,273.2349
220,695.4937,256.8209,272.4193
221,737.7691,230.6382,291.0137
222,555.8532,243.0936,224.3889
223,671.6967,281.4619,237.3277
224,612.1562,252.7053,287.4453
225,480.356,239.8885,275.1698
226,426.0074,207.1576,256.699
227,539.0237,248.3112,264.2651
228,527.9391,298.9032,285.4752
229,484.4514,282.7813,199.9419
230,462.8458,255.9198,272.0241
231,483.8036,307.0076,223.2954
232,421.8623,282.7218,235.623
233,415.5723,309.8507,266.8277
234,372.9006,284.9232,244.1606
235,372.4258,296.614,261.5094
236,259.2236,258.0653,208.6281
237,305.9929,252.0899,288.525
238,324.6986,208.1274,246.7467
239,257.529,305.8549,288.2679
240,254.1945,221.662,202.0279
241,221.8088,272.5318,290.2853
242,256.209,296.9616,243.9528
243,275.6483,322.1188,219.4951
244,243.7474,257.5829,280.2083
245,261.2193,232.4587,247.4345
246,259.4447,263.9591,202.2158
247,276.0873,303.4214,202.6086
248,233.7065,209.6967,233.401
249,238.5538,326.7386,282.8968
250,222.9651,286.565,297.0249
251,239.5607,281.4241,209.7402
252,214.0468,257.6954,238.0071
253,229.4288,277.2616,276.1639
254,221.3528,288.6197,272.7722
255,238.0608,275.202,216.6541
256,277.8246,291.4608,236.9579
257,209.8103,220.2397,299.8177
258,303.1107,272.8417,218.2075
259,269.9563,293.5779,209.3917
260,274.0909,241.8873,278.2184
261,238.7156,217.1448,287.6483
262,267.4779,243.1038,262.2247
263,222.3857,288.7847,218.6578
264,287.4718,273.7936,256.4583
265,203.5912,274.9639,275.244
266,245.5262,292.2217,239.8047
267,201.8373,307.0513,267.244
268,241.2345,235.5794,295.9431
269,200.1562,255.7642,324.7822
270,234.045,210.4698,296.5577
271,294.423,247.2133,259.0435
272,249.3375,275.9214,305.5015
273,204.6176,274.6487,373.7048
274,207.7222,220.6715,686.266
275,237.1424,297.1164,822.0235
276,297.7726,259.641,989.4317
277,238.8139,223.6389,659.9908
278,273.3075,251.7557,615.2306
279,226.6358,254.6725,661.8665
280,240.9607,280.7145,628.4421
281,282.7209,219.7231,461.9605
282,236.5891,246.2948,413.9497
283,226.6738,251.4149,317.7743
284,260.1113,312.2136,371.2997
285,199.7948,319.2834,356.8704
286,212.9606,284.1479,330.8718
287,243.5576,283.8408,248.274
288,239.8543,318.0665,207.5264
289,203.9911,289.2906,289.4688
290,256.9207,310.2338,279.2113
291,268.2397,281.9315,204.4093
292,252.8862,264.7139,284.2602
293,264.6256,302.8831,275.5832
294,260.227,274.311,262.9363
295,255.8343,336.7479,207.8735
296,221.7785,239.6105,231.6551
297,285.2779,265.8309,200.2712
298,290.6167,238.2124,265.6361
299,240.6733,277.6104,243.6776
300,220.1524,299.0934,213.9336
301,280.7617,261.9208,265.8557
302,236.7925,304.9151,259.8481
303,235.0995,239.2861,206.9845
304,304.9989,289.8943,297.0636
305,249.8746,244.6359,284.8376
306,286.1544,235.6422,273.2831
307,230.34,302.1542,213.6367
308,272.9416,222.3387,235.4286
309,208.7073,248.7899,278.6713
310,287.7889,274.9901,268.5421
311,219.2451,232.159,209.9912
312,233.7846,261.3148,207.4709
313,212.6604,296.411,239.1475
314,209.0599,229.6328,280.9966
315,235.0129,263.2705,191.6172
316,277.6179,293.7865,291.6251
317,276.9545,294.4756,233.2773
318,259.7878,234.3888,236.0995
319,265.1714,326.63,265.9307
320,202.3319,241.5719,254.4128
321,214.0582,308.937,251.089
322,284.5158,289.1476,221.0105
323,232.2947,345.9244,250.7696
324,212.136,247.5417,249.3505
325,270.448,254.5942,220.9704
326,257.7791,220.6999,260.5753
327,216.6491,228.5366,298.0146
328,253.3507,269.6567,303.306
329,236.1759,330.2457,299.9692
330,255.0983,276.7691,249.2827
331,249.0265,323.6518,254.709
332,204.9404,270.6968,224.3813
333,225.5816,289.6814,297.3358
334,284.2421,284.6412,342.8246
335,258.2369,274.7781,443.868
336,214.3862,332.7137,677.688
337,263.4155,301.6064,821.285
338,204.9947,246.5021,962.9082
339,308.9456,274.358,648.21
340,241.8757,224.0713,651.2295
341,229.0177,263.5533,645.4529
342,225.0624,338.5532,535.2504
343,310.5509,256.3179,467.5292
344,236.0516,341.0913,416.2972
345,225.3703,302.5303,328.386
346,305.3979,292.5304,315.3522
347,267.1492,256.8479,323.2867
348,254.2421,300.6592,285.5306
349,226.0958,280.9212,302.9574
350,304.8773,268.1864,243.0058
351,247.2586,305.5821,299.0944
352,261.5772,296.1027,261.5177
353,281.0393,269.8043,229.3717
354,284.4029,310.1246,200.4988
355,283.6382,329.2026,245.5698
356,312.7886,330.5827,318.3815
357,308.8574,246.3265,254.7953
358,249.5796,278.4387,294.8604
359,239.8378,358.0351,298.5442
360,324.3278,402.9851,243.7703
361,286.8987,403.8333,286.6477
362,260.9839,281.5309,255.1182
363,297.5787,263.633,233.8425
364,300.6454,309.113,196.4859
365,296.1237,327.8304,303.0126
366,447.894,319.9774,275.4672
367,480.5797,382.4983,242.4526
368,812.717,365.7653,266.3912
369,1102.3347,385.038,262.3245
370,1169.3392,364.4905,282.7739
371,1017.6548,372.7762,239.298
372,843.8119,421.2686,214.741
373,785.07,290.8984,208.0164
374,1089.1773,336.0957,294.8941
375,937.5616,364.7951,218.1654
376,727.5068,397.4984,240.0359
377,675.8541,382.4077,212.4838
378,543.2991,406.83,232.8609
379,470.1364,427.8425,252.0562
380,564.5503,524.4046,220.3094
381,482.3121,511.2058,226.1645
382,564.6386,486.6812,226.5566
383,473.4119,852.91,194.4852
384,444.5416,899.6683,268.3556
385,405.3945,834.9452,199.2167
386,498.0212,1027.7403,221.4219
387,346.8126,1215.1288,229.9017
388,408.0267,1152.2966,194.4286
389,321.4079,979.0503,281.8905
390,373.722,994.1277,240.3497
391,311.9686,919.3421,253.7525
392,349.2104,1081.687,252.6412
393,328.2613,903.3966,258.1207
394,292.5488,734.1658,238.2154
395,237.9167,713.3804,207.1352
396,324.5258,785.663,217.0308
397,210.919,669.374,221.8949
398,216.4726,615.5022,221.318
399,239.7905,425.021,253.5454
400,294.4647,595.4789,240.2131
401,249.7382,435.6152,290.3346
402,271.6973,530.2678,257.1394
403,223.7731,420.0183,277.9986
404,213.7133,412.4831,219.1287
405,192.3332,324.7481,245.7209
406,247.9115,371.3143,297.3777
407,234.4116,368.6008,316.1598
408,263.7038,279.457,243.3659
409,278.0798,341.9901,241.4088
410,249.0795,389.0791,319.0638
411,220.604,287.9011,560.4578
412,224.3843,338.6075,691.1583
413,260.912,324.5218,903.7263
414,221.3172,350.0476,869.183
415,221.0433,336.0619,958.5232
416,240.1841,262.6567,546.4504
417,266.4586,276.1649,515.0632
418,246.929,271.1908,470.6987
419,237.3743,246.8896,427.7087
420,214.6771,237.6475,339.942
421,266.1321,296.6337,364.1913
422,221.0197,270.247,335.3401
423,269.6194,271.4602,297.0219
424,267.2271,266.1118,283.7802
425,211.5619,288.6748,328.572
426,205.5543,249.9643,328.7945
427,209.2065,267.3441,305.7609
428,268.3958,227.4383,291.1896
429,270.2842,308.0689,313.2866
430,269.5924,296.4679,205.7405
431,230.3939,232.2089,272.8198
432,273.264,240.1966,198.1287
433,250.2437,339.6884,284.0226
434,296.5511,304.416,293.8277
435,231.3494,234.9777,235.1006
436,287.9777,297.559,227.8529
437,271.6436,221.3207,225.1893
438,241.921,231.1874,266.9886
439,228.0181,314.834,206.0455
440,234.8849,278.9176,200.4694
441,213.4492,228.3218,263.0535
442,295.8763,299.0442,196.5424
443,246.1661,214.9133,230.4289
444,253.3688,237.2185,278.334
445,223.8636,274.6341,264.7461
446,270.197,250.5386,275.8421
447,293.2202,280.527,198.9194
448,305.4605,225.6885,284.7759
449,209.6408,321.4432,281.1746
450,219.4181,307.2867,250.0455
451,257.9553,277.4628,257.5465
452,222.2227,248.7694,202.8856
453,219.5155,297.4435,271.6942
454,282.7929,227.8911,199.7309
455,230.1875,276.57,247.4121
456,262.4841,318.664,276.6884
457,233.8003,329.8963,224.3888
458,233.5469,219.8413,301.8219
459,258.6406,304.3962,272.8182
460,230.2165,326.1875,253.6839
461,223.0225,277.4408,230.1847
462,309.3261,334.5636,235.3121
463,258.5105,258.2638,270.8184
464,247.9171,322.8976,238.3054
465,280.134,251.2356,281.5712
466,264.1883,269.3869,241.5144
467,222.6247,306.0912,303.9201
468,298.3088,285.9131,208.1875
469,237.0375,249.2193,277.308
470,204.4636,301.4487,302.6936
471,210.9435,274.7714,267.738
472,278.9505,295.3502,288.7227
473,305.5022,288.0624,316.2851
474,202.4689,293.995,550.4721
475,270.5463,301.7521,1008.684
476,276.5473,227.053,916.6458
477,239.2119,285.7378,801.2807
478,225.9039,334.798,728.3588
479,277.5449,263.3899,674.6966
480,279.8887,253.3753,657.7412
481,208.9483,230.1351,420.1995
482,245.9995,264.553,412.7557
483,273.6264,337.7862,387.307
484,261.6668,273.3015,337.7809
485,322.0882,265.1353,258.6246
486,217.4475,275.8646,270.7663
487,344.5587,248.9321,266.8237
488,270.1245,244.2661,289.5968
489,340.2801,276.1498,220.7955
490,260.532,291.223,249.5107
491,375.0661,289.9865,225.115
492,323.4518,287.3825,256.2936
493,416.2849,324.8988,282.1012
494,596.1788,346.8958,233.0474
495,766.8814,358.1717,221.5001
496,996.9564,327.1648,299.1089
497,940.1383,275.5855,207.6816
498,1055.2139,266.3324,238.6468
499,1113.5701,265.7191,285.1851
500,868.8128,308.5016,229.5335
501,785.9873,267.1195,231.7525
502,851.0889,322.1784,227.2446
503,779.2476,314.4763,261.3033
504,660.3229,345.4304,259.3645
505,438.9525,364.5675,271.6072
506,458.9628,301.5642,280.9854
507,452.1542,340.0063,223.4573
508,428.4781,348.2356,288.2571
509,378.6422,290.9799,279.5545
510,263.413,305.8023,225.2088
511,349.072,357.6568,238.9589
512,300.869,331.9394,197.4517
513,249.4802,326.5569,267.7998
514,243.4844,250.1064,230.8608
515,244.2251,295.2597,291.682
516,255.4571,286.4958,199.433
517,222.1104,242.9645,248.2528
518,284.9499,352.8498,282.0175
519,266.8968,304.3994,292.4069
520,206.621,322.2334,222.5391
521,273.2234,347.7926,293.7354
522,210.8297,280.9309,258.8358
523,272.2098,254.6551,295.4085
524,209.2597,262.1893,281.9424
525,261.0911,323.1721,255.1436
526,295.0866,307.1251,232.4484
527,231.1566,294.1069,270.8815
528,250.4089,350.435,262.6769
529,191.2085,362.4331,234.9579
530,256.4334,311.9205,254.3921
531,230.4855,342.6166,284.105
532,191.8741,285.8595,298.2307
533,199.1107,243.8681,221.9414
534,207.9169,298.9809,219.6071
535,272.2075,271.0936,242.5811
536,204.8949,329.4268,236.4233
537,197.7451,327.4565,269.1506
538,252.1316,269.2718,331.1588
539,282.2907,325.2554,400.5294
540,239.1612,310.8238,964.609
541,269.3189,322.9531,1012.9465
542,227.1347,324.5846,723.4927
543,226.3674,280.5578,908.1289
544,189.0467,270.4896,802.7093
545,209.6952,255.8107,456.5772
546,227.4557,271.843,537.1471
547,260.0374,311.9179,354.7149
548,191.7503,309.1923,378.9196
549,205.4586,344.1244,314.3073
550,233.5382,254.3541,295.5549
551,233.1856,256.3183,279.9665
552,270.901,314.8141,254.8085
553,212.4741,300.8552,244.2959
554,232.571,381.805,233.6573
555,201.0766,402.5154,265.9688
556,239.8885,308.1329,212.6922
557,265.8961,295.6119,229.5504
558,210.9443,451.2115,291.6289
559,258.697,432.8686,246.1446
560,285.7087,491.0157,214.4667
561,205.9437,588.0449,271.6783
562,235.5406,719.8872,270.1084
563,286.8565,1143.195,291.7886
564,287.2969,969.0242,236.7196
565,252.966,1198.7364,287.3493
566,283.3145,1094.2841,254.8475
567,213.8658,1147.3159,207.1021
568,254.8375,1023.7882,220.734
569,200.6958,823.092,188.3225
570,264.6992,775.72,196.453
571,294.6346,745.7595,233.6918
572,253.496,656.5766,240.3908
573,227.2231,582.2397,275.3413
574,210.6564,593.1701,204.0432
575,251.2529,612.2015,216.8207
576,293.0823,643.6642,220.7685
577,291.7572,655.7228,272.2202
578,215.6098,468.9326,216.2941
579,194.2194,630.7763,272.62
580,194.9951,462.2684,199.0311
581,221.4397,403.3535,205.1563
582,266.9995,545.5401,221.1149
583,257.0578,474.5406,250.601
584,240.1142,402.6734,201.8158
585,253.7003,466.2571,275.2838
586,252.7301,288.5754,220.4654
587,238.9654,265.2778,274.7895
588,223.6469,280.0557,216.2361
589,239.1004,281.8556,275.5849
590,277.8475,332.2308,215.5164
591,274.9801,325.6012,228.4604
592,276.2218,266.4939,192.8072
593,208.0836,272.5092,197.9111
594,295.5472,301.1961,201.3278
595,267.5844,249.0755,244.9132
596,268.4718,278.5453,220.8754
597,243.4755,328.8468,227.5097
598,223.3435,304.8581,221.7884
599,294.1421,235.3484,255.4201
600,299.6259,244.3535,218.586
601,233.7486,295.1664,201.2386
602,274.9722,307.7614,201.9926
603,224.4572,221.1463,240.8983
604,291.1037,247.9126,200.1203
605,336.5279,254.2199,264.0924
606,302.0334,295.565,205.3177
607,341.2299,315.2283,223.2396
608,258.7279,266.1463,278.7854
609,296.4658,269.5696,253.3488
610,288.4518,243.4717,227.9673
611,382.0447,263.2168,248.2155
612,328.2108,239.8862,246.6076
613,381.4092,311.3148,251.8597
614,679.2585,300.9478,223.7889
615,763.8342,312.1993,256.5643
616,1359.2178,289.0782,284.604
617,1416.0614,286.0789,281.4122
618,1102.5061,271.3306,282.0027
619,985.9521,255.2034,212.9838
620,679.3395,285.2489,250.432
621,809.6199,254.3288,199.1756
622,815.8231,246.7953,324.7573
623,513.1958,245.6967,288.2688
624,625.8658,217.9556,323.755
625,561.6969,237.5202,815.856
626,468.0071,247.3337,846.3368
627,411.8251,314.2906,949.0441
628,315.9141,242.0648,731.4672
629,408.7931,241.741,708.4133
630,318.1151,227.8855,557.5538
631,292.0371,243.4735,380.6606
632,248.961,225.2171,390.4098
633,225.9162,223.7995,387.0157
634,270.4645,272.4698,301.3651
635,268.0209,299.8652,330.2049
636,208.5031,265.5925,343.2832
637,208.1393,226.7443,328.6681
638,207.9842,223.7365,262.8931
639,239.2144,285.8148,313.505
640,255.7822,276.6201,306.0379
641,274.3617,269.6126,291.3284
642,203.5429,243.4072,261.051
643,236.982,275.7319,310.1354
644,282.2121,230.7224,243.4505
645,236.5184,306.2182,260.396
646,276.1688,281.5953,288.92
647,247.5069,235.7592,234.8051
648,210.8008,282.02,262.1196
649,259.9219,221.4864,230.1269
650,200.3524,264.8911,216.1832
651,218.5725,230.0775,225.5016
652,283.8194,232.1855,268.0741
653,250.9085,225.5593,260.8493
654,203.9044,248.9737,204.5662
655,198.727,283.986,230.5585
656,192.6513,252.6567,261.8133
657,250.1097,260.0943,270.1565
658,279.7166,209.1602,208.8198
659,191.7632,231.4156,188.1394
660,226.8089,233.5994,194.4525
661,208.2085,225.7265,270.8773
662,232.9734,264.6652,222.8239
663,219.2509,301.4463,236.9866
664,203.1456,260.332,238.4355
665,276.6826,240.9579,286.43
666,203.2693,301.8162,196.5569
667,245.0031,268.1862,259.3052
668,257.032,245.7505,213.5641
669,221.513,252.3891,244.8501
670,219.9209,217.4406,200.0993
671,221.0706,252.7715,267.4417
672,209.2166,253.8409,199.4237
673,256.8489,269.2508,185.1587
674,234.5017,292.3634,187.8315
675,229.1978,255.2247,252.6929
676,198.265,224.6066,282.5953
677,246.2731,218.3488,266.4539
678,240.7744,302.8024,219.9876
679,263.9124,216.7381,274.2064
680,267.6907,228.1801,264.2259
681,221.5023,235.8533,225.9852
682,269.6218,270.6943,267.2613
683,196.0901,234.9814,215.0747
684,269.0136,246.7354,300.9903
685,275.0646,294.9577,228.1658
686,189.8742,291.4527,300.9646
687,223.9537,274.5156,226.672
688,236.4671,231.4724,249.2967
689,244.4102,257.8178,218.3749
690,289.9721,315.7554,221.326
691,289.9063,213.6675,295.5834
692,224.643,218.6115,364.481
693,245.6307,235.4196,739.0093
694,224.7702,228.3,1310.6301
695,277.39,225.5455,900.7411
696,280.8989,201.6741,787.2162
697,237.7725,239.098,531.7002
698,230.9209,222.9098,510.6841
699,250.6103,239.0967,549.8369
700,216.4489,232.7966,341.8979
701,256.1764,254.1998,274.7929
702,238.8517,261.3534,248.7243
703,273.5314,224.9394,264.4495
704,266.952,248.5499,328.4423
705,272.672,301.5091,207.7121
706,234.8474,267.5972,219.5533
707,271.7987,251.693,254.1652
708,214.5513,285.3196,231.2564
709,223.9135,248.6273,269.3635
710,277.988,292.2329,199.4393
711,208.7695,252.4237,196.999
712,221.9033,300.6178,205.0059
713,237.6015,215.813,191.1182
714,212.0079,325.5621,227.2226
715,280.8157,315.0703,215.6581
716,245.1928,225.0091,256.2538
717,229.36,262.3316,250.7357
718,252.2632,335.0697,219.3904
719,227.7984,266.994,203.2369
720,218.7534,280.2128,269.5876
721,286.9267,247.5393,277.2889
722,239.4962,309.4293,234.0279
723,328.1527,225.7473,197.0
724,301.6092,295.807,209.9204
725,268.4335,220.547,251.2764
726,303.8804,280.1673,289.6054
727,324.295,322.5962,267.3764
728,505.5938,296.2039,272.4729
729,1015.1404,257.4315,191.618
730,897.3948,229.7122,235.6337
731,1341.3858,267.5406,267.3293
732,984.2433,253.9851,263.2869
733,1253.3378,332.2772,268.7294
734,990.4533,280.3275,239.1193
735,885.5489,296.5648,246.2513
736,775.6503,352.502,219.2179
737,613.286,325.8491,211.0729
738,664.3219,316.8045,275.3551
739,387.144,339.1085,227.4607
740,380.0544,378.5093,251.2116
741,359.5833,378.2503,252.1798
742,289.8787,309.1887,226.3685
743,302.9621,365.7849,251.1602
744,277.7907,327.3638,268.0291
745,259.0987,473.8741,218.6109
746,297.4973,631.2695,207.6848
747,254.4123,732.52,225.5469
748,201.8832,1168.8563,208.051
749,266.1897,1473.9099,232.0788
750,307.0857,1035.2301,256.726
751,309.0523,1054.1258,273.899
752,251.2843,1119.2826,310.6759
753,237.1009,876.4257,252.6843
754,272.1581,711.6589,323.5289
755,224.2273,799.1105,262.2726
756,223.2397,707.0283,703.4745
757,195.9143,718.3866,915.9395
758,237.9909,496.4136,1019.8507
759,218.1738,503.4843,926.8131
760,210.0692,378.7132,652.11
761,205.5773,439.3354,599.1413
762,270.261,487.9471,589.4533
763,231.6833,426.3126,344.7165
764,265.6087,324.6814,306.6842
765,240.6075,338.7413,303.5772
766,222.7149,376.5168,339.8256
767,223.4212,344.713,261.0698
768,263.5865,300.501,271.6965
769,205.1779,271.684,268.7796
770,191.7415,282.0561,259.3564
771,277.5355,272.178,282.8628
772,201.7835,210.94,224.1829
773,240.1919,315.4108,223.2835
774,253.5344,277.7769,202.3123
775,229.6377,258.7435,212.0392
776,277.5009,214.0245,258.0854
777,230.1349,249.2451,210.4667
778,208.6512,216.34,208.4968
779,189.989,248.2766,206.7457
780,204.7742,214.1999,235.1014
781,183.5418,214.0262,263.1272
782,243.5945,252.1134,205.5887
783,208.0558,291.8541,197.472
784,250.3358,298.327,195.9464
785,271.0957,263.2653,205.528
786,261.1512,198.7695,210.0516
787,266.8971,236.3599,240.4109
788,223.9908,240.0013,204.772
789,191.6465,234.866,273.9825
790,204.8921,220.8451,229.4182
791,189.2306,252.1996,239.0871
792,207.9362,235.1158,282.4023
793,255.0998,260.3071,280.5651
794,194.7891,300.6059,227.368
795,193.2927,244.079,225.6004
796,277.3527,254.4757,207.1733
797,213.2588,197.3662,287.7301
798,262.4968,284.3498,286.4931
799,283.271,221.8046,255.2221
800,205.2588,284.2531,288.1839
801,191.8491,221.9119,264.7131
802,195.2332,221.1643,230.305
803,213.3457,243.2716,230.2236
804,277.2959,235.6176,297.3063
805,223.6463,202.346,241.6701
806,209.0706,272.9752,265.7929
807,218.4915,229.9057,198.5024
808,256.9818,207.719,281.3001
809,253.5175,250.7398,198.0948
810,182.7056,260.1057,220.3502
811,224.7579,201.018,232.8331
812,256.2801,269.1504,210.5197
813,198.6637,288.8578,270.0027
814,202.5612,264.5045,280.8611
815,209.8928,224.2289,223.4759
816,276.0968,220.1089,302.4807
817,277.1625,238.072,264.3253
818,287.1415,245.0361,335.4035
819,200.7508,243.5739,303.4716
820,231.4067,215.2589,816.1562
821,263.4867,241.3856,956.6362
822,209.9791,191.0693,1101.7755
823,307.4722,210.665,925.06
824,228.5662,236.2973,685.0644
825,231.5063,268.6261,622.6756
826,215.625,291.1006,398.6937
827,226.724,203.6718,368.2894
828,230.7898,221.5674,339.8547
829,283.864,226.1815,330.0307
830,302.8156,234.7335,272.419
831,286.9312,240.7865,288.078
832,263.195,269.9852,231.4942
833,262.0235,222.2388,220.7877
834,439.3503,192.3753,250.4511
835,437.6982,281.9048,222.168
836,710.9722,264.8526,228.4226
837,1243.5678,210.09,199.4138
838,1383.9606,292.6693,222.3219
839,1357.1654,200.3808,238.9813
840,829.7616,264.3849,250.0885
841,834.5547,289.4157,234.6822
842,995.4144,192.5213,203.4812
843,615.5375,246.2209,240.3185
844,656.4241,211.9817,210.205
845,435.8581,269.5437,213.7297
846,517.568,199.9689,215.7342
847,474.4171,194.4896,205.5668
848,391.4572,221.485,184.3467
849,289.0992,251.6283,241.0834
850,379.1153,190.2313,261.1876
851,263.0828,252.5818,276.5174
852,279.3797,270.6079,223.6749
853,286.9558,239.2686,219.4749
854,246.8766,228.7409,195.0107
855,202.2536,241.442,267.6895
856,266.8304,224.6704,201.4801
857,236.8483,214.3372,252.767
858,247.729,273.6566,229.1833
859,240.9493,254.2934,198.1962
860,221.3953,277.5254,271.4103
861,258.5312,287.0662,187.7103
862,203.0147,208.3707,200.3391
863,255.4336,211.4739,246.5002
864,238.603,258.2346,233.6521
865,253.0094,200.3647,202.9932
866,228.6342,278.2612,255.3043
867,189.0871,200.275,279.5698
868,238.1705,262.322,282.1869
869,179.5023,273.7682,230.16
870,214.433,200.4106,282.2153
871,205.9104,277.9979,234.7883
872,201.696,243.453,206.6516
873,201.0501,220.9835,298.0804
874,271.2284,201.2661,261.4196
875,257.796,255.7742,216.5767
876,245.494,205.1825,279.8606
877,184.8715,264.302,281.1785
878,247.9409,269.5641,278.4021
879,194.709,268.7666,305.721
880,256.7597,263.3139,994.5081
881,216.8696,208.6,910.7297
882,276.6396,250.1544,749.5512
883,202.9811,212.1399,736.3852
884,259.6104,219.072,583.7708
885,197.4793,215.6446,415.3018
886,226.0779,232.9959,485.8266
887,264.1445,221.7116,439.7891
888,273.7058,242.2718,388.2831
889,272.4013,235.7752,328.6733
890,245.8926,264.0182,250.7597
891,199.8288,230.4169,294.2673
892,213.1964,257.6157,263.5887
893,214.9035,220.0431,284.9209
894,266.2254,224.061,199.8238
895,183.9209,233.3291,234.8828
896,199.7828,237.2463,233.3888
897,246.6501,201.2969,234.2083
898,201.4871,219.8676,209.052
899,261.8805,225.3609,271.5281
900,213.1495,223.0308,275.088
901,242.6354,268.7993,233.3094
902,210.1277,224.53,197.7994
903,241.647,247.4686,279.9112
904,257.1808,242.865,265.7698
905,233.8802,257.4708,233.7543
906,249.4256,272.7891,261.6354
907,183.7349,236.0953,187.878
908,258.706,299.5501,260.6766
909,207.4944,300.4877,212.6637
910,198.3487,307.2483,217.4403
911,217.8481,234.5392,205.1615
912,191.3356,323.7704,193.7745
913,196.2692,280.1789,258.3517
914,229.1786,304.073,231.3709
915,221.4265,379.9298,189.4512
916,244.5764,380.7152,237.0451
917,253.6505,534.1742,217.7615
918,237.8493,652.3821,219.0017
919,288.1424,960.599,228.0873
920,261.3059,1146.2363,245.2864
921,220.9717,1614.8991,199.4037
922,290.9165,1198.4539,251.3542
923,268.9711,1258.1511,196.6386
924,212.0769,1024.7652,194.713
925,203.1059,1003.8704,227.3155
926,233.1784,754.379,220.4467
927,230.5429,714.48,197.8561
928,244.7847,719.3237,263.9897
929,287.7722,591.9729,217.7808
930,222.7233,431.3598,191.4915
931,280.4263,483.1372,227.9452
932,208.5559,335.5139,289.0441
933,284.3812,307.3406,254.8543
934,267.0859,278.7342,223.9918
935,257.4251,284.7309,250.2618
936,278.5605,339.0974,272.6961
937,292.7141,306.7275,235.501
938,330.47,250.1317,259.9401
939,290.9567,298.6818,272.8962
940,350.591,278.7586,205.0783
941,684.6736,259.5866,244.8258
942,1159.6504,269.3619,248.441
943,1081.6754,232.8688,211.7533
944,1255.291,223.5449,271.6911
945,1138.1176,200.3497,196.7701
946,1008.9089,281.9682,214.7712
947,942.4613,223.2744,234.4954
948,935.9566,230.0449,379.3059
949,764.1257,294.7524,793.1941
950,607.062,210.3627,914.4025
951,495.2152,289.5109,1013.7278
952,421.7938,228.4311,888.4362
953,387.3762,273.0952,531.1876
954,400.4537,253.5656,599.4795
955,360.6264,221.1425,546.8384
956,238.3231,275.4033,421.3784
957,288.6311,202.3501,340.5579
958,265.009,237.1649,372.4202
959,259.9439,246.9839,273.954
960,213.7307,227.3832,326.0919
961,260.3786,236.3746,351.6904
962,260.7292,218.059,264.9961
963,224.3272,276.3288,288.0008
964,199.2584,215.3066,264.4891
965,188.1372,253.4499,284.049
966,263.8587,239.4846,251.4508
967,185.64,231.8516,234.1845
968,198.2779,258.7229,241.9798
969,234.3368,219.9297,217.8875
970,262.9081,216.0787,303.1791
971,243.2682,236.5753,278.0334
972,252.4437,191.197,213.0915
973,224.0524,282.1581,252.5584
974,223.8932,246.6079,215.3602
975,225.6378,199.6913,259.8785
976,275.5913,255.7853,186.5615
977,261.1415,263.1634,253.7206
978,202.7518,270.0417,246.0779
979,224.4028,279.2404,190.8554
980,231.2196,224.8195,276.0481
981,226.2406,258.6369,234.279
982,225.841,195.458,197.6928
983,273.147,200.3809,266.9207
984,250.0482,279.995,195.2551
985,194.5951,280.0997,188.512
986,228.6694,228.7543,223.2829
987,215.963,287.8841,203.3947
988,233.9988,265.6748,257.9526
989,194.1053,246.0691,231.8081
990,237.5244,219.1868,206.8138
991,239.796,227.6726,256.1464
992,209.6217,215.3471,203.1461
993,208.2621,236.31,244.1908
994,261.1653,210.3461,255.7527
995,258.9842,265.95,212.635
996,233.7602,232.3282,241.7873
997,214.6319,254.2343,195.994
998,220.1161,216.9806,258.4055
999,248.737,265.2138,254.2324
1000,265.4168,263.2119,231.6099
1001,267.479,280.7552,223.8844
1002,276.4449,206.5548,274.5241
1003,206.7258,197.6622,243.7632
1004,281.8496,262.2461,269.9983
1005,274.3241,269.8884,227.9775
1006,224.5984,191.9145,243.462
1007,226.6346,218.8262,241.8826
1008,233.6344,207.633,219.6158
1009,271.449,227.6757,197.1889
1010,251.1094,237.8717,200.4442
1011,211.5123,231.4221,234.2824
1012,270.5654,199.3092,272.4624
1013,197.379,243.0039,221.6044
1014,221.6056,236.6215,278.2149
1015,195.2406,222.2152,256.8523
1016,234.8408,260.4436,241.5996
1017,224.9158,238.054,246.6785
1018,202.2846,255.634,279.9205
1019,243.0698,197.6374,254.8045
1020,209.3327,252.5156,256.4811
1021,238.95,209.5273,233.6791
1022,222.6281,243.0539,231.7945
1023,257.859,269.7117,210.0495
1024,280.2674,239.9707,273.472
1025,255.663,269.3173,242.7589
1026,255.8936,270.8493,222.266
1027,275.3292,273.5139,293.8632
1028,207.5777,272.5765,309.9351
1029,237.6059,240.0176,348.1032
1030,201.3419,210.7023,1072.6
1031,239.7717,191.1242,1070.7732
1032,294.6786,204.8332,1051.2475
1033,256.2751,246.6398,951.9
1034,243.8276,222.7359,594.3643
1035,267.0354,208.5903,487.9695
1036,263.952,214.7883,470.2573
1037,274.2515,257.759,381.8128
1038,294.2642,186.9426,334.7449
1039,237.5899,261.2719,251.9881
1040,345.3149,196.5447,312.777
1041,518.6496,258.7634,285.0514
1042,1197.5147,228.1925,280.1931
1043,1075.9322,210.0209,271.8208
1044,1338.0857,273.2338,222.0079
1045,1135.7871,280.9788,215.0269
1046,1288.7882,274.2066,256.8491
1047,1026.918,195.7565,244.387
1048,846.879,268.6058,188.0219
1049,639.2199,197.9733,242.8999
1050,580.6838,209.0575,189.175
1051,470.6483,302.318,233.9184
1052,435.218,240.975,189.2009
1053,452.5562,305.7736,201.7881
1054,336.7883,228.2457,184.9607
1055,318.7461,259.1516,195.6467
1056,389.9113,359.2993,181.0853
1057,246.23,460.0013,235.937
1058,349.6478,417.3654,224.125
1059,296.7647,673.3518,205.9469
1060,277.4541,1409.0051,219.0315
1061,225.985,1237.765,260.2954
1062,240.5058,1094.107,192.6114
1063,258.1192,1234.4002,214.4285
1064,218.9017,965.9659,268.92
1065,211.9934,1202.055,245.2625
1066,255.3941,1068.7638,231.8214
1067,214.9187,871.9755,186.109
1068,259.7529,723.6384,184.1796
1069,254.9454,518.8485,188.6131
1070,189.226,560.0853,252.6261
1071,197.0042,380.2254,257.6483
1072,199.6752,466.804,248.0513
1073,225.5601,367.8732,181.3982
1074,247.6565,355.3854,204.9985
1075,223.6186,368.1152,229.6443
1076,240.1511,271.7029,220.474
1077,179.1528,258.5991,185.9058
1078,187.9187,286.3665,253.3509
1079,173.0062,263.4781,242.6757
1080,260.0207,277.2851,178.9233
1081,190.4014,250.9835,227.368
1082,225.8341,284.0725,239.5077
1083,220.6743,230.6227,243.1153
1084,181.3899,220.2982,259.3769
1085,194.1961,263.1682,223.8975
1086,198.2808,252.9839,235.3509
1087,182.2783,282.6114,241.6966
1088,257.5787,266.1073,302.6873
1089,250.6521,229.4863,195.1459
1090,184.8474,209.1484,204.321
1091,263.813,225.3773,260.7434
1092,260.0488,250.3975,438.3986
1093,184.8753,229.7077,1076.0488
1094,208.5231,186.2564,1004.9064
1095,226.4411,188.8876,1021.4533
1096,243.2633,194.829,904.1048
1097,186.0027,283.766,488.1883
1098,242.1149,230.246,532.8843
1099,175.8126,253.4113,360.4232
1100,217.76,280.5154,369.2815
1101,209.6289,256.9181,283.413
1102,215.4404,253.7591,314.8784
1103,193.688,266.2222,238.9743
1104,241.3474,189.9673,303.9023
1105,219.0237,241.8967,259.6439
1106,251.7436,214.7869,217.4544
1107,200.8962,257.6914,184.2034
1108,273.896,241.2981,243.5748
1109,234.4047,271.2963,217.4034
1110,222.097,194.2853,235.4001
1111,198.3783,217.251,269.2778
1112,200.2851,213.4377,262.3896
1113,223.9204,202.6556,257.4924
1114,184.772,224.2617,249.8833
1115,263.4521,188.1857,211.2919
1116,216.1411,243.1765,222.6535
1117,215.1408,183.3677,213.8032
1118,265.4016,214.0346,222.2769
1119,222.3599,177.4412,228.6832
1120,247.965,248.1544,195.8633
1121,265.3595,177.5323,207.6409
1122,200.7838,234.1115,245.4304
1123,246.626,198.9228,209.6186
1124,277.8079,225.6037,242.355
1125,252.6103,210.2262,232.7598
1126,183.1281,193.43,203.1689
1127,221.836,187.3342,263.132
1128,248.8681,197.7336,280.1689
1129,220.6567,260.1165,203.2604
1130,239.7715,210.7017,234.1631
1131,187.0914,230.6987,222.976
1132,237.2638,200.7228,228.0135
1133,278.6401,243.5198,198.8136
1134,250.7806,221.7764,196.5443
1135,267.1808,247.1311,199.2303
1136,247.2603,191.3882,243.5567
1137,235.6024,248.0394,218.7991
1138,239.3997,244.6579,283.8426
1139,250.1894,230.9419,260.3367
1140,200.5607,202.3353,233.1521
1141,220.9177,274.1754,303.5837
1142,260.0544,233.2719,201.5618
1143,209.3657,192.7417,244.4259
1144,261.453,187.1683,244.8917
1145,265.4727,266.9606,407.5075
1146,243.2203,252.4797,995.7464
1147,240.6686,252.886,957.9707
1148,271.6899,206.9777,1034.1005
1149,284.668,245.831,688.8567
1150,207.7026,193.8858,564.9479
1151,267.9632,196.7515,498.223
1152,226.5916,219.1652,392.4251
1153,241.3028,191.6324,385.9003
1154,262.3372,250.6934,272.0715
1155,240.1666,231.4789,260.2637
1156,292.2769,199.0733,277.7802
1157,272.9981,270.844,304.4982
1158,258.9009,212.4701,210.5636
1159,291.2901,200.0198,286.2116
1160,326.3285,231.6486,237.6157
1161,256.0919,209.3531,207.8395
1162,350.3089,204.7842,205.3547
1163,282.7923,255.9341,205.2456
1164,377.9873,249.5375,192.9466
1165,673.976,262.0444,180.4867
1166,1051.4316,268.8251,255.2426
1167,1096.4243,247.1045,272.32
1168,1171.8066,258.0623,221.737
1169,1338.5171,196.8062,201.0493
1170,918.0552,275.0726,259.5434
1171,904.8745,259.2723,245.5824
1172,716.8278,214.1226,221.1527
1173,756.8499,234.7518,259.1948
1174,514.5589,247.8691,209.688
1175,399.4045,196.4175,224.5823
1176,427.3396,286.3598,268.8217
1177,420.4699,208.2268,256.1279
1178,392.0388,274.0099,260.9706
1179,280.4387,210.6238,269.3621
1180,231.8082,257.6631,245.8896
1181,245.2779,265.8801,269.9613
1182,231.274,272.8047,260.8913
1183,244.5418,257.7328,186.8732
1184,218.9139,236.4972,262.7496
1185,230.7884,249.6991,269.4084
1186,210.5794,204.5252,287.0198
1187,205.3582,262.4514,220.7342
1188,197.1744,247.5433,304.4675
1189,202.5024,251.667,263.5956
1190,219.7382,279.0451,326.4098
1191,245.1876,266.8461,1047.9467
1192,202.6387,222.7451,916.8862
1193,187.8801,213.2291,1102.9862
1194,241.5339,257.1479,692.6453
1195,243.2366,271.3465,647.608
1196,206.9566,268.4272,531.5339
1197,184.8682,200.9222,346.7
1198,257.7948,239.4162,317.3184
1199,252.2723,214.3772,285.2451
1200,195.2366,182.3453,222.8202
1201,248.0352,178.7121,218.461
1202,204.8197,216.7745,243.6446
1203,214.5102,230.9726,211.0818
1204,229.2555,266.771,190.0678
1205,194.8473,201.9548,209.6327
1206,266.6386,269.936,201.7563
1207,243.6652,275.7604,256.7971
1208,261.7391,204.4546,250.0122
1209,214.9497,205.2129,217.3009
1210,209.6046,195.2028,230.9458
1211,226.7402,240.4297,264.669
1212,225.864,253.6623,213.8654
1213,200.6075,204.0199,263.4383
1214,224.5683,232.9202,193.1091
1215,222.0686,253.7003,235.0547
1216,214.2689,242.2581,250.2304
1217,225.7642,237.7075,217.3995
1218,250.8019,203.3933,195.8024
1219,214.8095,264.8313,184.6585
1220,257.0834,265.3136,174.209
1221,247.1924,194.9509,230.3521
1222,179.7634,263.9927,238.1991
1223,197.4926,239.6136,251.363
1224,193.0098,257.9934,210.3654
1225,240.9564,229.0121,258.6174
1226,246.4119,250.2622,256.8098
1227,235.8437,226.7491,216.1484
1228,191.5005,283.251,230.2015
1229,256.9833,220.4592,250.168
1230,222.4758,260.7461,252.442
1231,260.0544,276.2901,230.1956
1232,265.6599,212.1079,272.319
1233,202.5119,241.2353,228.9964
1234,198.568,267.6961,267.6286
1235,204.8339,289.6444,250.8095
1236,184.7786,308.5271,215.4036
1237,248.0299,307.1663,201.7882
1238,278.7784,234.6057,263.1599
1239,184.1768,228.6432,265.4019
1240,185.1946,281.5531,261.7836
1241,243.2074,266.1536,250.1347
1242,221.1356,238.2605,242.4109
1243,228.6135,309.908,219.2999
1244,204.5148,354.0135,250.3048
1245,234.02,268.4256,252.4403
1246,237.3564,349.8516,206.0333
1247,228.2781,396.7946,273.5243
1248,221.6924,400.783,229.4765
1249,221.135,393.1482,210.8319
1250,224.0754,604.1507,205.3668
1251,227.3826,1275.9144,306.2393
1252,222.126,1454.0195,242.3423
1253,280.1228,1192.5899,250.6638
1254,265.8883,1526.2845,276.8895
1255,261.3088,913.6167,260.2295
1256,212.9392,875.0554,329.8988
1257,243.1926,723.596,478.7206
1258,221.585,728.7383,1164.1865
1259,289.1288,705.1734,1169.2255
1260,255.387,607.9026,723.6831
1261,296.0904,444.7718,614.9302
1262,266.2271,530.5656,554.14
1263,314.4007,452.9006,460.3253
1264,302.1356,421.8789,418.1189
1265,429.9148,317.272,300.6726
1266,688.3329,394.3993,349.2008
1267,942.8114,278.1943,274.6658
1268,982.9154,318.323,278.8572
1269,1133.1127,220.1114,255.9466
1270,986.2218,287.2411,252.1283
1271,987.3043,288.2551,239.5803
1272,963.0517,244.7717,227.0758
1273,745.4677,269.4319,186.4296
1274,596.5966,202.9468,188.25
1275,475.9378,190.7822,232.8673
1276,560.2246,275.5298,248.1984
1277,418.3028,264.3798,258.8479
1278,425.4259,218.9782,230.498
1279,471.4123,285.7891,246.4855
1280,398.7726,269.5491,194.6606
1281,272.9335,219.6037,213.4169
1282,307.9001,269.4042,176.9738
1283,228.3718,218.4007,203.4907
1284,265.375,252.1539,192.3091
1285,229.3627,215.624,217.9518
1286,237.0895,236.6754,246.8116
1287,247.5419,173.5351,193.9991
1288,224.3824,213.1363,187.9844
1289,211.4682,251.0855,192.9645
1290,249.3124,270.7508,206.9224
1291,262.9396,233.1753,265.199
1292,241.0046,189.4564,207.4305
1293,200.6577,276.2231,193.9739
1294,195.7728,211.0921,213.099
1295,213.928,258.3903,192.1439
1296,216.8539,252.7981,253.8979
1297,247.0859,279.5035,228.3347
1298,268.1234,201.1232,196.1941
1299,215.628,248.1033,246.4258
1300,214.0465,252.954,195.3709
1301,187.281,275.8407,230.0227
1302,225.4026,248.8981,215.7732
1303,236.4223,214.5408,239.2083
1304,186.8815,193.2393,187.9281
1305,191.4407,184.2368,206.3721
1306,235.1783,226.7456,179.7534
1307,209.0576,239.1919,256.1209
1308,210.024,239.3205,233.8888
1309,255.922,212.8733,199.7037
1310,231.5059,207.4939,246.0865
1311,177.4821,205.1743,247.9346
1312,198.3484,253.5731,239.2685
1313,216.5696,260.496,236.1953
1314,221.2249,242.4102,242.8938
1315,255.4388,205.5526,240.8948
1316,180.8871,216.641,228.4117
1317,233.2434,260.9329,200.0535
1318,209.3577,186.6637,203.9285
1319,261.6377,260.5495,245.1036
1320,173.9941,259.3854,193.6745
1321,257.3158,257.0454,244.3511
1322,187.6174,268.0474,233.9986
1323,235.9369,222.6184,283.9388
1324,191.5192,187.627,224.4571
1325,207.9783,177.6026,255.8709
1326,221.0803,239.942,235.9669
1327,229.6612,188.1907,295.3659
1328,201.8658,233.6167,286.564
1329,196.1627,242.9077,332.1155
1330,213.1516,245.117,1017.5301
1331,175.7665,204.0311,845.0342
1332,236.843,267.3478,935.2
1333,252.0277,239.5341,835.1958
1334,250.9055,178.1699,496.7393
1335,220.9358,264.9008,574.2454
1336,229.1649,201.8277,438.0454
1337,247.852,206.1555,291.5484
1338,231.527,229.6525,296.2636
1339,196.9509,178.0568,293.0855
1340,176.6881,266.6888,242.4777
1341,191.7942,181.4316,217.1755
1342,191.696,198.0922,186.3683
1343,232.9133,252.3967,259.925
1344,214.5104,249.2835,203.1773
1345,202.0932,215.804,207.3936
1346,249.1177,246.1328,194.7356
1347,203.8868,229.9878,242.7885
1348,228.0575,210.1981,179.594
1349,217.9373,179.5231,173.5511
1350,231.084,263.5416,247.3783
1351,282.1348,247.3327,230.0288
1352,237.4216,242.9111,195.4307
1353,217.2995,190.9853,194.4064
1354,266.7952,231.2576,245.1638
1355,224.6327,243.2908,256.0903
1356,248.1705,216.1535,201.3751
1357,209.677,222.0022,180.3092
1358,206.4499,193.7552,219.1173
1359,266.9124,240.7296,241.2154
1360,261.9877,275.1951,226.7093
1361,199.4475,273.8505,265.5867
1362,248.1287,208.0131,256.4187
1363,260.9607,194.5532,227.6481
1364,220.3468,187.0063,204.2819
1365,269.4211,224.232,191.9653
1366,201.854,277.5258,192.4512
1367,210.1151,259.6756,236.4529
1368,210.6777,239.6575,257.509
1369,266.4146,221.404,180.1511
1370,253.0268,247.3909,193.7182
1371,205.0556,281.0821,220.1356
1372,194.6618,233.2617,212.8305
1373,286.363,212.0906,243.2538
1374,199.108,208.382,265.1982
1375,232.3179,206.2444,202.0454
1376,258.1977,267.3923,184.8954
1377,275.8408,230.2855,257.1717
1378,259.3634,262.0385,213.8316
1379,249.0696,193.2161,264.9189
1380,279.9249,236.6485,204.2777
1381,411.2124,233.4968,233.2727
1382,573.7612,215.0891,214.2676
1383,847.6854,233.9773,224.3065
1384,1089.327,231.2451,185.0113
1385,1023.0304,204.5867,215.3176
1386,1401.148,303.6655,220.8525
1387,1215.5084,293.2157,216.9569
1388,777.8753,304.4744,196.9546
1389,737.6678,309.9374,230.825
1390,696.4228,311.2899,199.2008
1391,669.948,271.8446,213.9357
1392,477.2773,327.12,260.8021
1393,331.7327,355.0204,257.2806
1394,366.6004,272.5013,338.8068
1395,353.7811,356.0632,513.4747
1396,235.5365,266.1048,1073.7752
1397,218.2672,411.4479,965.0619
1398,300.7394,371.4303,954.366
1399,226.4365,722.3588,941.3826
1400,224.142,1235.5234,583.4962
1401,208.5253,1340.2835,554.8663
1402,186.0987,1302.078,442.9996
1403,238.8864,1335.6108,309.151
1404,194.6052,1009.4969,323.747
1405,223.9034,809.6064,248.0252
1406,201.3138,748.5394,218.5607
1407,254.1348,877.2672,220.6757
1408,188.6431,728.9616,273.1248
1409,244.2669,548.7366,217.9615
1410,204.6701,513.2949,198.9721
1411,252.0861,507.0982,251.6337
1412,229.1775,361.5822,195.5885
1413,183.3142,374.0828,175.1747
1414,252.541,344.9963,235.2604
1415,196.2194,270.0764,205.7366
1416,217.287,243.1115,268.4329
1417,186.0257,271.4793,251.9263
1418,212.3534,260.5052,194.3162
1419,188.5689,258.925,259.8602
1420,228.2516,197.148,241.0028
1421,203.5206,259.5233,211.2834
1422,243.4346,213.4573,194.6048
1423,232.4928,183.9444,215.9932
1424,219.2296,239.0331,225.5776
1425,217.3903,273.672,262.061
1426,235.7774,245.6736,218.6728
1427,227.9126,222.5031,183.1877
1428,174.943,183.1678,215.928
1429,231.8771,253.535,200.7873
1430,185.7496,190.6467,204.822
1431,229.6703,215.0359,237.8696
1432,230.9551,245.6291,219.6021
1433,180.0615,236.562,215.1473
1434,176.3048,264.5801,201.6933
1435,204.6606,235.3832,239.233
1436,229.7299,237.9561,211.8145
1437,229.0969,197.7855,245.9004
1438,192.2972,195.9196,176.183
1439,242.6839,270.5464,244.2838
1440,187.7016,188.5144,249.4448
1441,225.9623,217.3238,261.4131
1442,192.2008,241.3663,228.5064
1443,219.1977,204.0371,187.3415
1444,256.2035,245.1635,219.4423
1445,248.5944,202.2853,259.3384
1446,254.2923,239.5483,222.6351
1447,187.1474,173.7677,214.774
1448,174.9612,195.364,188.5347
1449,256.2569,200.579,247.2171
1450,248.6125,209.4397,300.2761
1451,211.8158,227.7841,307.1934
1452,223.3504,248.3952,428.2303
1453,221.9271,250.7356,1027.5595
1454,249.628,237.2757,1033.2806
1455,192.5714,238.8131,717.9285
1456,219.0338,222.2436,923.6214
1457,203.2307,224.7353,613.0271
1458,209.6419,218.9377,512.8796
1459,198.8846,239.3476,376.5591
1460,209.372,245.2428,444.881
1461,236.338,221.6066,277.8788
1462,202.9803,195.3723,275.0356
1463,204.1866,267.3038,215.2681
1464,179.7997,236.161,204.9674
1465,227.6182,215.0362,250.5943
1466,237.7528,242.542,236.584
1467,228.7859,232.2213,180.7445
1468,207.2848,224.3965,201.7366
1469,198.2642,251.8907,244.8711
1470,187.9347,229.4864,265.7471
1471,214.3577,216.562,259.8801
1472,227.3098,185.7161,207.6505
1473,253.7228,248.3876,211.9737
1474,204.2755,190.9934,172.2131
1475,240.1629,251.0711,207.9658
1476,247.1717,210.87,237.3801
1477,254.2025,251.9759,194.8664
1478,232.675,200.6399,188.7441
1479,190.4991,232.095,244.1012
1480,218.2071,202.609,189.4047
1481,210.6313,186.3959,204.9299
1482,222.1263,183.4178,231.2577
1483,262.887,184.8349,181.7679
1484,271.257,224.5443,206.4382
1485,214.6759,225.0185,225.0905
1486,213.8604,206.4692,189.8057
1487,261.4807,199.3605,226.7281
1488,247.1808,199.9335,206.887
1489,229.9575,204.5276,250.6459
1490,201.406,224.2235,206.0923
1491,244.7661,218.8601,222.4527
1492,216.2836,211.1471,235.3528
1493,196.7028,253.5036,223.182
1494,198.5401,203.8511,192.0086
1495,216.4278,198.9054,239.8195
1496,201.7552,196.1095,263.8117
1497,275.1606,255.6773,227.7125
1498,211.7977,226.7239,232.458
1499,332.8282,199.3038,247.5258
1500,363.9936,221.7471,269.7796
1501,479.5264,208.198,260.5118
1502,542.2933,232.3942,229.909
1503,1117.5847,210.4601,239.0084
1504,1498.4458,227.155,221.9017
1505,1198.5212,236.5232,190.3728
1506,1279.1435,223.0112,213.9815
1507,1014.0139,237.7476,253.3176
1508,971.0146,216.233,207.2321
1509,859.5214,192.4084,194.581
1510,723.3004,189.8432,198.4868
1511,485.9135,228.3944,227.0945
1512,513.4156,197.8259,222.2071
1513,392.793,285.1727,223.9642
1514,367.9867,231.3954,229.0435
1515,458.2441,208.6857,214.7037
1516,351.458,214.9192,283.2784
1517,367.7115,231.534,224.8323
1518,231.8317,206.2896,202.2762
1519,344.5189,188.0611,271.2742
1520,304.4547,274.6364,205.2278
1521,247.6688,261.6507,247.8935
1522,262.4545,242.2839,267.3633
1523,210.6183,283.6761,221.6117
1524,258.0972,310.9187,476.8583
1525,229.3453,218.3936,862.0572
1526,258.9092,235.1884,1005.7877
1527,224.2734,267.1126,969.7532
1528,223.7891,271.3125,742.6544
1529,210.8801,351.7421,705.7062
1530,231.1869,435.0361,506.2643
1531,219.0949,433.3188,390.5143
1532,256.8074,474.0448,288.9615
1533,195.2321,801.3485,334.0782
1534,239.5558,1244.0631,257.9407
1535,252.386,1090.1143,261.6815
1536,197.2425,1326.6047,221.5711
1537,181.7853,1293.1576,196.2954
1538,196.8758,1273.2145,220.0679
1539,182.0378,927.7051,203.5212
1540,248.3035,679.9378,189.1346
1541,184.1797,762.8973,225.587
1542,184.0218,596.6962,227.3355
1543,237.2744,671.4971,257.2625
1544,173.0427,411.5849,259.5678
1545,187.5057,542.5268,212.9067
1546,207.7942,433.6266,183.5908
1547,260.4664,389.6496,259.182
1548,211.7146,282.6569,202.0462
1549,252.3734,288.9011,246.4435
1550,226.6119,290.3673,198.189
1551,209.7968,341.7992,186.0629
1552,243.5845,224.3502,211.3022
1553,246.8128,291.0084,229.0263
1554,180.0519,283.2567,178.4576
1555,186.3729,224.9559,212.8084
1556,166.7047,214.6362,199.3855
1557,169.313,209.8832,234.7654
1558,178.1757,240.5791,168.2688
1559,248.2281,192.9759,197.8309
1560,178.0493,241.1018,196.0539
1561,176.884,189.895,241.5482
1562,186.1756,244.4082,219.316
1563,187.9689,204.0474,184.7828
1564,225.6449,227.3738,238.3255
1565,205.5825,234.0838,202.5628
1566,236.5679,188.4102,171.3403
1567,231.8773,260.1897,195.6368
1568,181.4717,210.6507,216.3495
1569,182.191,262.2653,220.0143
1570,235.0648,253.4031,220.2432
1571,248.3659,231.7886,190.4392
1572,201.4203,251.8227,170.1838
1573,200.4283,250.2027,200.1556
1574,226.9323,247.4216,220.7451
1575,251.1757,263.0195,203.5267
1576,263.9059,202.6396,170.8061
1577,226.7844,257.8739,257.4294
1578,233.9047,195.47,217.9037
1579,239.8967,252.225,183.2471
1580,178.2648,249.1226,187.5824
1581,204.9841,194.4508,194.715
1582,205.4311,218.3351,236.3428
1583,265.5105,234.3459,249.7605
1584,255.6985,244.8261,244.0449
1585,180.1473,224.4724,194.0219
1586,261.2687,233.3232,267.0693
1587,243.5014,210.0048,235.2166
1588,243.7053,176.2076,204.8892
1589,183.7383,245.4496,207.623
1590,235.6213,242.657,242.8976
1591,196.5034,180.432,250.1186
1592,191.6445,220.7135,201.9566
1593,274.859,192.4794,197.6104
1594,262.9368,192.5716,207.2367
1595,189.5218,208.9584,241.1124
1596,223.6965,206.5219,212.0077
1597,199.9617,172.199,214.132
1598,255.6959,204.3178,185.3138
1599,261.4543,208.6834,254.517
1600,295.2549,187.1574,236.3285
1601,289.9982,229.2079,204.9478
1602,352.7891,227.4696,250.9662
1603,470.2762,218.7945,243.1199
1604,645.4276,202.8713,214.9846
1605,1217.299,234.3329,394.0766
1606,1458.0241,213.2692,1045.726
1607,948.5751,237.7775,1074.9125
1608,1020.3298,220.5962,1056.5797
1609,1025.717,237.541,822.8025
1610,786.6477,178.2334,592.351
1611,778.7153,261.9918,527.7189
1612,548.1737,196.0644,473.7951
1613,504.3805,258.6452,422.6265
1614,518.3511,203.2022,380.2266
1615,436.4376,175.8777,243.1098
1616,497.7827,187.4155,297.6651
1617,414.6425,205.4728,210.0931
1618,386.2466,197.7638,265.9366
1619,332.7612,199.0359,275.3448
1620,366.045,253.5951,228.1117
1621,372.6205,189.8816,215.8357
1622,282.9218,242.8193,240.2564
1623,353.8178,187.2671,259.5119
1624,329.0757,171.9471,185.8912
1625,248.8692,169.9174,188.4372
1626,257.2474,169.8566,229.5401
1627,229.9269,181.1087,201.778
1628,208.2667,181.3453,189.4033
1629,208.2864,203.6718,259.8783
1630,212.4063,188.3771,222.8032
1631,178.534,195.0164,223.6632
1632,217.2349,176.7993,231.7107
1633,184.0626,244.5115,255.5294
1634,182.2371,216.6463,198.6592
1635,264.4195,236.1202,219.7502
1636,214.112,203.619,200.4234
1637,223.0634,228.9321,214.6113
1638,263.9532,193.5045,239.3951
1639,229.9952,228.5876,190.7591
1640,183.8103,194.0901,239.1529
1641,229.3411,233.7988,240.521
1642,209.8111,191.1007,174.2951
1643,232.8072,241.3492,249.5341
1644,171.6005,205.1834,234.5318
1645,238.9155,225.2645,247.0339
1646,191.6487,189.6774,187.8897
1647,168.0407,166.6904,242.7091
1648,185.2433,191.0659,225.5918
1649,214.6935,236.1235,220.9237
1650,202.4023,246.3886,205.8338
1651,210.7894,186.4612,187.5323
1652,185.9176,221.3545,229.6151
1653,195.1335,202.3074,198.947
1654,253.1031,172.7905,243.383
1655,197.62,226.7089,242.3352
1656,235.1077,257.8998,240.683
1657,163.533,204.4488,241.5258
1658,186.2087,213.311,250.049
1659,223.5795,221.6664,234.1708
1660,208.7506,202.0257,199.4307
1661,244.6475,228.6189,240.3575
1662,214.7685,226.7616,235.1943
1663,176.4801,195.4483,231.8992
1664,250.7186,202.5712,219.3594
1665,249.7511,235.6738,189.5253
1666,184.8286,186.9794,195.7714
1667,218.1092,196.2891,193.3889
1668,216.4516,266.6958,242.2086
1669,193.3258,197.1854,219.1829
1670,237.1366,225.5131,210.8861
1671,222.3468,224.8393,233.0635
1672,240.164,247.8734,221.3213
1673,195.8111,248.6268,221.9058
1674,210.1221,223.6537,184.1935
1675,206.2379,193.1294,184.7566
1676,233.233,210.8358,210.8717
1677,243.6346,216.6347,253.5329
1678,178.1468,202.5348,257.5777
1679,179.2795,230.1498,240.1113
1680,174.5487,236.1118,254.6472
1681,215.9652,207.9496,197.3653
1682,190.9037,205.168,246.4406
1683,237.0425,222.9129,221.4413
1684,179.8174,204.0774,247.6937
1685,210.6196,206.6276,223.0915
1686,189.1824,207.0601,198.0521
1687,219.4231,227.8148,219.7503
1688,196.3375,181.9374,210.9917
1689,234.7005,249.4709,248.2006
1690,212.9855,224.3847,220.4897
1691,224.8654,229.9366,265.069
1692,186.6587,215.8849,262.0213
1693,189.4412,219.6966,289.5371
1694,204.1781,258.8795,488.6362
1695,217.7905,188.3877,1047.3252
1696,198.2653,228.9408,1173.0254
1697,236.0764,238.5293,803.3022
1698,249.4533,192.1903,666.8878
1699,179.9182,224.2293,688.112
1700,182.3628,186.2832,492.1479
1701,215.9257,190.7025,391.6934
1702,258.8148,188.9668,352.7018
1703,254.2076,199.9369,371.3102
1704,231.2352,232.958,290.5896
1705,244.5232,211.4254,280.5504
1706,231.7369,229.4839,291.7602
1707,220.5583,229.0538,239.2357
1708,220.6866,203.0311,193.4238
1709,190.6687,230.9923,266.2155
1710,234.5987,193.7331,253.7125
1711,223.1985,171.2016,215.8446
1712,190.977,228.0066,179.0662
1713,200.2875,222.4122,254.5179
1714,243.3214,235.8271,245.6503
1715,211.4527,230.0406,214.0709
1716,176.4252,230.6356,229.9557
1717,241.7367,205.7948,265.3313
1718,210.72,188.2052,244.3596
1719,200.0179,250.1713,228.1537
1720,175.9884,250.9227,196.7173
1721,232.3714,263.0305,254.5904
1722,230.2679,208.7366,235.5708
1723,247.944,180.0117,180.7371
1724,226.7381,216.7133,182.6153
1725,188.0953,238.2335,231.3646
1726,184.708,198.3924,198.9368
1727,193.6833,234.4934,199.4467
1728,245.5837,252.1767,201.6118
1729,274.1593,175.8529,199.8412
1730,228.2216,254.7323,170.4963
1731,216.8814,212.2935,225.0553
1732,185.6068,253.5916,187.2992
1733,223.6787,218.4139,174.6702
1734,229.337,188.6029,213.1643
1735,235.4414,215.4641,194.7561
1736,267.1646,229.0185,191.7821
1737,270.0502,237.0193,199.0653
1738,270.7679,193.9824,251.2522
1739,213.7872,240.2125,187.5935
1740,196.4641,224.2332,227.6141
1741,255.1645,217.5806,234.9748
1742,245.2794,242.4742,224.6597
1743,271.8887,177.0193,244.6392
1744,396.6759,240.3514,198.1359
1745,489.7936,259.0333,268.1669
1746,944.7584,220.6068,190.8066
1747,1451.9786,211.7005,214.6307
1748,986.8384,236.6182,257.4987
1749,994.4931,229.5088,206.8484
1750,979.4539,198.6582,206.1742
1751,1035.2311,246.0604,302.7409
1752,739.5997,214.0771,230.0232
1753,607.0955,272.1224,294.3045
1754,694.2191,169.6552,280.5828
1755,492.1683,236.2251,299.2967
1756,430.9325,195.9548,799.0044
1757,378.0125,188.4067,1172.5797
1758,339.068,172.9263,993.8028
1759,325.2583,225.1743,767.136
1760,286.4289,184.4932,851.7657
1761,249.5953,196.1297,648.5883
1762,271.422,221.5992,550.9743
1763,243.6081,244.0676,492.6223
1764,202.6371,251.3598,331.2968
1765,274.8136,213.8187,344.0998
1766,213.6031,229.5858,349.3087
1767,199.4903,224.9214,285.8191
1768,191.1785,205.7462,263.5598
1769,244.6228,239.3112,253.3215
1770,228.9526,218.6259,230.2963
1771,181.9762,211.7116,202.6075
1772,210.6618,235.9227,204.4869
1773,201.3721,227.5771,213.7209
1774,223.8828,242.2259,245.4919
1775,239.9474,243.7003,198.3054
1776,183.9292,210.9164,220.3563
1777,225.8538,255.8459,249.8334
1778,208.9337,224.6311,252.932
1779,252.825,238.6237,268.5624
1780,197.3995,260.6835,243.8156
1781,228.5908,189.6047,225.1409
1782,185.8124,225.6004,187.035
1783,236.2991,252.4672,261.6432
1784,244.2013,241.3949,181.6772
1785,175.5447,201.3849,238.7677
1786,197.1486,185.5068,195.5422
1787,166.7066,175.5176,170.0728
1788,238.5824,245.4578,174.6353
1789,224.9532,169.9151,210.2436
1790,212.1076,188.5003,173.9404
1791,209.6869,237.2434,183.6903
1792,175.1602,252.6943,248.1135
1793,198.8385,223.1767,218.7654
1794,195.189,203.6397,208.774
1795,175.6177,250.4225,195.3107
1796,177.9747,252.561,175.9227
1797,208.928,273.0787,203.4148
1798,245.9622,185.9637,175.8007
1799,190.3403,230.1698,197.5202
1800,226.309,229.911,224.5684
1801,243.0221,258.2288,183.8536
1802,176.4914,217.6511,268.0661
1803,179.2551,248.5314,185.786
1804,186.3543,270.0861,254.6953
1805,194.9128,205.0489,247.1454
1806,220.3749,241.8405,230.7718
1807,189.5616,267.27,246.0732
1808,212.3201,231.4408,227.6588
1809,171.1614,262.9248,188.5978
1810,254.7346,280.0878,200.7593
1811,233.4057,302.8384,208.9508
1812,252.4275,246.3103,174.6583
1813,240.5515,283.0756,261.0284
1814,208.7341,349.19,237.2163
1815,252.8944,459.0124,247.6913
1816,212.7553,468.5356,216.1597
1817,235.21,851.2004,214.229
1818,232.025,979.3091,201.2655
1819,252.6388,1568.5697,213.0112
1820,221.2337,1356.4502,203.0342
1821,191.2157,1055.2239,235.1523
1822,194.3264,1136.8198,204.1778
1823,188.8917,1105.8106,206.4182
1824,229.6595,830.1493,205.1412
1825,256.3228,882.1575,230.7175
1826,197.539,674.193,200.115
1827,186.0092,580.3025,241.2607
1828,244.9936,512.5424,238.7158
1829,221.8272,543.4471,669.5602
1830,251.8602,537.2752,1154.6488
1831,223.8578,377.6522,1381.6204
1832,272.4741,314.8585,991.6855
1833,217.1128,278.6403,685.7322
1834,246.4611,251.2944,704.8319
1835,188.517,333.7825,532.1563
1836,256.3489,315.5004,345.2549
1837,233.517,233.7253,284.2687
1838,271.8947,199.394,311.2396
1839,215.5094,232.513,218.3573
1840,230.877,249.403,224.8742
1841,223.6771,231.9939,245.7559
1842,235.0034,220.8997,201.4626
1843,284.383,209.8019,198.267
1844,221.2745,265.7205,205.0098
1845,257.5138,254.6235,241.3935
1846,277.3456,248.4032,250.9651
1847,267.6009,179.5069,262.8224
1848,358.0002,216.8668,227.9306
1849,258.6523,246.5745,208.5762
1850,417.2973,220.752,233.5618
1851,446.5377,180.9603,189.2058
1852,711.3378,189.6681,244.4564
1853,1348.3623,257.6192,254.695
1854,1194.9331,240.7501,228.9213
1855,1060.6611,258.2522,232.592
1856,976.2749,250.8653,213.1625
1857,686.1759,184.2756,243.4444
1858,706.5293,210.8962,213.7679
1859,806.0033,230.2515,198.5425
1860,746.6595,222.337,178.4669
1861,573.2774,201.3773,189.9459
1862,452.7347,243.5588,231.3341
1863,407.1905,197.7158,255.6866
1864,420.4927,249.6753,189.3067
1865,287.9972,172.4817,221.0974
1866,308.0016,228.1625,192.5057
1867,238.9328,224.319,166.5121
1868,222.8571,253.2806,248.9502
1869,271.4458,239.0122,222.4331
1870,224.8641,209.5851,207.3977
1871,260.5491,183.4982,242.7725
1872,275.4106,232.4587,221.2136
1873,265.5935,215.5374,228.3021
1874,272.9353,242.4791,181.8025
1875,224.8363,251.1106,222.7702
1876,255.7154,182.0803,210.8241
1877,215.213,185.8194,229.1798
1878,206.8911,226.9859,215.481
1879,238.7396,196.6724,226.6219
1880,228.8973,197.0573,193.7276
1881,201.0647,238.9868,195.3733
1882,216.6041,183.8413,206.4828
1883,234.3023,192.8895,227.9437
1884,251.2928,177.2168,203.4709
1885,230.9263,173.1691,239.2499
1886,270.2365,248.7589,196.4194
1887,183.2431,216.9077,224.6296
1888,183.1017,214.6526,247.2374
1889,224.7962,168.2083,235.5683
1890,192.6101,169.2796,221.7466
1891,193.6264,185.0445,239.3143
1892,206.7911,202.5829,262.8242
1893,241.4714,170.6106,213.6314
1894,213.453,249.6787,219.0725
1895,217.5758,189.9033,197.0269
1896,238.2258,225.05,205.9224
1897,204.5131,245.7338,232.9014
1898,209.9946,204.802,218.9753
1899,214.4277,171.562,251.1052
1900,242.6371,208.5204,211.0174
1901,227.3156,197.8924,259.6726
1902,203.2425,180.7536,242.4478
1903,219.6498,172.8157,262.0939
1904,262.9322,183.3383,226.5189
1905,197.039,175.6268,223.044
1906,218.8297,172.924,248.1484
1907,262.0577,225.0643,200.5966
1908,199.8302,189.7115,193.9938
1909,227.0738,220.469,238.6155
1910,259.122,206.9902,179.4373
1911,196.3922,223.7448,247.816
1912,258.1087,186.3341,212.1303
1913,195.2768,238.564,222.8838
1914,187.3719,170.6284,224.2316
1915,236.6703,189.2774,233.1098
1916,182.5614,208.8113,220.994
1917,211.3848,178.8723,196.3895
1918,205.7658,248.0361,253.6135
1919,227.4125,167.2194,260.8383
1920,213.606,182.1403,243.4384
1921,179.8535,200.2462,221.1691
1922,226.9532,213.0382,218.3941
1923,187.821,180.1976,196.0322
1924,210.8642,183.9298,213.8203
1925,220.4466,184.7678,187.5409
1926,199.3092,216.4803,268.8688
1927,217.0279,246.4153,234.0224
1928,247.8279,187.3372,251.8087
1929,218.6041,209.8229,253.5099
1930,214.0483,245.2803,1228.6184
1931,247.8869,197.5984,1136.2259
1932,181.8316,233.1273,866.8818
1933,252.8507,199.0469,852.5971
1934,257.6703,193.6313,681.5721
1935,218.1759,170.9763,646.6367
1936,264.4436,227.8005,391.0865
1937,199.7339,179.9467,417.5853
1938,259.5732,181.93,294.9627
1939,191.1901,215.0118,256.6048
1940,212.8192,177.0518,218.474
1941,239.2234,178.836,248.0228
1942,215.7937,178.7596,228.5272
1943,181.4476,219.6556,223.1311
1944,175.6682,211.4601,216.6229
1945,200.5979,209.2564,181.9552
1946,242.6465,208.0976,181.3818
1947,217.4017,267.3928,236.1157
1948,198.025,192.9562,202.1095
1949,220.0523,211.9137,170.9088
1950,182.5295,222.4612,179.6875
1951,170.936,233.6636,237.7588
1952,252.1966,215.6568,212.4808
1953,222.314,245.8953,201.8099
1954,246.6466,252.3138,173.0083
1955,209.9891,225.4365,234.8938
1956,180.5053,213.5081,244.8174
1957,254.247,183.2799,188.3005
1958,241.0195,215.1564,205.4946
1959,240.8863,184.5472,176.7173
1960,199.2766,193.875,244.4365
1961,247.5433,198.4964,180.967
1962,195.7913,217.2651,214.8435
1963,227.6169,242.709,212.4092
1964,222.7645,207.3581,196.1088
1965,184.1916,236.2219,217.3726
1966,174.9586,232.0818,187.456
1967,235.9227,201.6291,197.8456
1968,216.7787,201.7129,247.5882
1969,209.9121,222.8632,178.2411
1970,246.064,176.5174,231.1669
1971,227.8873,260.9056,175.278
1972,256.3388,187.1178,227.1695
1973,229.0328,244.5976,245.3446
1974,225.0514,227.6452,173.1767
1975,187.1025,188.3862,239.5532
1976,247.9969,219.8544,219.666
1977,232.7022,241.4613,178.7991
1978,198.4948,228.6266,227.4019
1979,202.1437,257.3517,236.7554
1980,234.1567,234.0449,256.4159
1981,191.2505,260.6869,180.1212
1982,214.4795,240.8759,214.4357
1983,177.7331,244.031,217.2749
1984,212.697,232.8855,227.1037
1985,184.6363,196.2121,208.1327
1986,227.9693,244.9568,230.4172
1987,202.7331,273.2411,228.5637
1988,208.3191,263.2063,210.2418
1989,243.1746,242.3569,261.269
1990,249.5359,244.8183,224.7364
1991,201.7846,207.9205,229.4221
1992,235.773,231.7732,174.2791
1993,207.1822,217.3065,220.412
1994,203.2142,231.8274,199.9928
1995,241.0632,231.3098,216.564
1996,181.3659,217.255,173.7321
1997,221.2624,217.4796,251.9787
1998,205.8758,243.212,236.5456
1999,233.6061,215.6514,208.7996
2000,186.267,243.9331,247.5122
2001,209.2477,237.2568,267.5251
2002,204.3202,242.8818,194.4232
2003,268.1631,273.1465,220.5266
2004,278.9105,261.7824,256.39
2005,234.5629,210.0348,327.842
2006,233.2509,284.4582,788.1308
2007,262.4607,266.3687,931.3694
2008,237.0918,207.9188,1008.6606
2009,237.786,292.9008,807.5485
2010,319.8381,226.2664,766.8963
2011,356.3122,251.111,603.5557
2012,712.8617,352.8448,477.2603
2013,914.987,291.0283,374.6037
2014,1014.3514,370.4832,341.9854
2015,1027.4637,418.8054,252.4078
2016,992.1698,485.9767,323.8844
2017,822.8707,526.969,286.0721
2018,941.4586,981.4139,246.7962
2019,737.6531,1142.0653,281.5811
2020,727.0369,1099.6692,231.9331
2021,451.3186,1156.8138,203.2364
2022,524.0984,1149.622,207.6437
2023,377.6423,963.583,244.5306
2024,473.7828,834.9519,224.0342
2025,295.2225,658.3422,201.6265
2026,387.0141,710.234,213.5145
2027,252.795,723.4525,204.6919
2028,262.7955,647.1507,228.4579
2029,291.7284,579.5835,231.562
2030,294.2895,460.0434,224.5393
2031,231.627,365.7137,231.5338
2032,221.0342,454.5772,220.6171
2033,246.5102,382.4975,222.0693
2034,256.3392,346.3988,189.8006
2035,211.7446,316.9666,187.7546
2036,191.765,326.1518,165.3363
2037,180.9446,213.9928,247.8246
2038,188.7411,223.4937,191.3662
2039,222.2259,291.8647,203.9871
2040,227.5214,202.9264,192.1532
2041,213.8549,255.754,222.8005
2042,189.9456,208.7979,253.5364
2043,200.6784,183.8591,218.0335
2044,239.0947,174.6925,243.111
2045,245.0933,187.2292,198.3573
2046,204.5434,189.8063,229.1726
2047,168.8673,189.249,201.0544
2048,224.514,183.8465,232.0026
2049,215.6496,249.1817,189.2275
2050,196.0118,183.8363,188.0882
2051,178.5937,184.6111,238.4977
2052,220.6778,182.0565,249.6043
2053,221.2227,169.7635,242.2252
2054,180.1529,175.5826,206.8784
2055,170.5975,208.7462,204.6635
2056,204.354,228.1587,253.6411
2057,195.4306,175.5374,241.6492
2058,179.906,185.5091,266.3604
2059,254.8413,178.8267,179.8815
2060,187.6913,180.7608,206.1601
2061,244.2739,261.8692,173.5099
2062,205.5982,192.1608,222.3928
2063,215.4451,247.8913,235.7867
2064,188.3468,234.1276,177.1927
2065,204.5969,226.9037,213.0312
2066,199.3415,205.0177,226.2052
2067,195.0731,206.6983,178.6162
2068,189.0595,249.2623,258.6235
2069,223.2007,245.3938,167.3828
2070,236.161,251.2941,238.6017
2071,225.2122,177.5245,220.4717
2072,203.929,219.1426,232.6083
2073,208.2573,216.6904,238.729
2074,202.3615,197.8531,244.9372
2075,227.55,243.8694,227.4503
2076,220.6936,216.2492,187.1251
2077,241.4818,185.5043,254.7061
2078,215.1888,200.6233,239.5521
2079,193.2914,224.6925,239.978
2080,192.6978,191.5138,193.3249
2081,180.9672,220.884,249.7975
2082,226.5727,232.6373,228.7269
2083,244.8452,169.8724,259.897
2084,225.9539,241.8118,223.5392
2085,232.3904,241.6464,221.2496
2086,247.9263,186.3844,200.6641
2087,186.6203,210.5785,220.3295
2088,188.3926,201.3725,281.253
2089,232.3597,196.4506,254.0391
2090,222.2325,201.2574,666.5317
2091,174.5226,218.8797,894.8357
2092,211.6442,228.6074,920.1809
2093,179.641,256.5306,973.0465
2094,199.1548,190.7492,611.7794
2095,216.6038,197.1799,708.2954
2096,256.5996,242.2049,461.4995
2097,191.2051,205.2018,362.9989
2098,239.0083,173.8332,397.4559
2099,234.7492,205.1559,339.3838
2100,238.303,232.8398,284.5925
2101,268.5669,213.4226,241.3177
2102,226.4363,195.4605,236.6448
2103,233.0957,256.5433,262.9628
2104,202.2707,232.6825,192.9319
2105,270.3366,244.2951,222.8512
2106,191.9478,230.8571,194.8879
2107,229.3965,231.9688,220.2894
2108,251.4289,231.3794,197.9375
2109,233.478,232.9168,168.647
2110,270.9021,207.7566,182.2182
2111,221.7109,240.6483,224.4599
2112,282.8337,217.1717,209.5485
2113,278.7882,247.3398,179.2452
2114,185.4754,180.5326,184.7665
2115,216.6987,221.4731,181.8051
2116,217.4659,244.8353,204.7434
2117,254.1963,215.7567,247.282
2118,232.091,221.3195,174.8461
2119,264.6933,194.2921,215.2176
2120,264.4262,241.6224,260.334
2121,216.9774,219.5809,169.8536
2122,261.3061,229.0801,243.048
2123,185.8944,173.2036,212.1841
2124,235.7642,196.6594,188.4018
2125,276.7979,231.2285,215.0319
2126,257.8822,188.5528,229.1899
2127,261.7091,211.1391,190.397
2128,242.6383,253.376,231.7129
2129,201.3799,200.2938,198.3536
2130,265.308,243.0859,174.273
2131,235.9137,203.053,235.508
2132,251.5136,209.3826,174.3022
2133,237.9889,238.9283,205.6343
2134,212.4838,233.1284,244.772
2135,322.613,187.2,215.22
2136,266.7992,208.2972,212.5876
2137,287.4456,168.7002,213.6088
2138,423.8598,202.2788,181.8281
2139,578.0913,261.6729,228.9911
2140,1040.8022,247.2414,219.4814
2141,1253.1092,180.9189,173.4498
2142,990.001,256.1484,251.7912
2143,939.84,213.0837,185.2286
2144,1088.5939,250.7752,205.4914
2145,945.9947,207.7144,199.1804
2146,944.2503,244.5661,226.3577
2147,797.277,197.274,181.3921
2148,678.2694,262.6707,190.5593
2149,613.0248,207.5946,226.0443
2150,446.4426,183.3739,244.1906
2151,438.5291,246.6719,180.2914
2152,441.5504,218.0372,239.1559
2153,350.9433,254.7509,179.8434
2154,323.1306,233.6413,193.3017
2155,236.0589,232.4949,225.7338
2156,210.0187,209.8972,233.9955
2157,274.3635,180.9872,169.8913
2158,284.3526,175.4293,220.47
2159,223.1869,198.4273,211.9945
2160,258.5406,249.6949,223.5391
2161,210.8324,226.2485,202.9761
2162,216.457,176.0836,207.293
2163,187.0209,229.9751,236.0447
2164,167.4647,241.0813,232.6017
2165,238.1836,165.3972,229.6423
2166,226.4165,193.3605,193.1608
2167,215.7052,180.9482,208.2064
2168,250.5266,224.0631,228.3457
2169,223.2089,196.0204,186.5223
2170,197.5546,229.9312,237.1129
2171,229.1308,253.5757,260.035
2172,206.483,215.317,188.7916
2173,254.4897,248.0378,277.7351
2174,246.8899,256.8704,267.666
2175,243.2453,241.2051,404.4018
2176,182.3315,246.5295,1211.7927
2177,227.4555,181.0606,907.3285
2178,192.0579,173.2912,1228.2117
2179,179.7863,256.178,695.5489
2180,253.8036,229.3849,833.7664
2181,218.9152,176.0233,521.9157
2182,217.0377,197.6169,452.4414
2183,223.3302,231.8015,437.3998
2184,242.6731,230.8365,378.4654
2185,237.9584,220.4583,317.518
2186,209.5334,202.0312,261.8399
2187,245.6289,201.1868,236.4413
2188,194.8143,272.5577,212.5021
2189,194.471,201.4445,230.3027
2190,232.6213,192.0075,194.1921
2191,245.4242,240.1983,237.6233
2192,248.1308,197.923,246.71
2193,191.8625,251.7561,193.1548
2194,207.3951,186.3423,247.9622
2195,171.8145,221.4517,183.1517
2196,175.3367,203.4877,233.0658
2197,168.2423,234.9164,234.153
2198,241.4662,203.7239,172.9905
2199,187.1519,239.986,176.4478
2200,180.3059,165.0214,175.8666
2201,211.9173,181.7858,191.1097
2202,235.817,207.1871,202.5245
2203,236.097,236.2162,201.3604
2204,178.6137,194.4292,205.0432
2205,235.7897,235.5964,210.1439
2206,223.4804,172.5809,246.6986
2207,227.9438,196.7849,215.6596
2208,210.2391,253.5097,171.0611
2209,220.6355,204.0613,242.257
2210,232.1374,192.0151,237.62
2211,234.224,211.1063,195.9084
2212,254.8539,246.5756,186.304
2213,257.7828,257.652,184.5721
2214,239.2026,199.7402,220.9474
2215,211.1206,201.3148,179.9075
2216,187.4966,220.0123,192.9999
2217,222.9435,204.967,190.0557
2218,225.2723,206.4167,183.23
2219,204.9465,249.9155,206.8049
2220,177.4689,218.2387,182.246
2221,218.6242,247.743,213.7755
2222,192.9288,214.4256,166.9856
2223,197.5945,266.4839,204.5553
2224,248.8595,213.6527,184.7984
2225,195.6608,261.4457,252.9174
2226,247.9904,227.9719,200.8315
2227,189.9411,232.5519,194.1501
2228,206.3475,195.8443,189.9566
2229,190.1834,200.0965,246.7061
2230,217.1211,191.9435,212.2154
2231,170.2517,205.4363,186.8428
2232,233.9505,184.419,224.0524
2233,246.1814,236.0116,169.4208
2234,165.0267,228.5343,233.5656
2235,201.0055,214.8912,238.006
2236,172.4671,269.9343,223.3647
2237,184.5593,209.7343,220.1542
2238,228.6355,198.8593,171.9892
2239,259.0986,217.4362,244.0726
2240,169.7225,253.3027,222.7708
2241,179.6149,239.0545,231.2536
2242,252.4355,192.2424,236.155
2243,245.7144,221.9671,195.1188
2244,185.8449,224.4432,198.1288
2245,243.1348,254.5068,236.5488
2246,225.4063,191.3301,204.4675
2247,196.4186,193.7831,170.3859
2248,171.5079,208.332,165.3133
2249,234.4843,197.1843,230.8183
2250,227.2092,222.4995,225.5111
2251,226.8083,177.6055,170.5312
2252,187.1977,249.1447,190.0456
2253,225.864,197.5359,208.8379
2254,245.1908,183.7766,234.531
2255,235.5819,225.7505,197.9594
2256,211.7959,190.9274,174.5085
2257,189.5267,228.2087,205.9801
2258,205.2726,214.3774,251.0303
2259,186.4724,203.3857,200.2452
2260,223.7463,217.6008,181.8193
2261,205.7926,249.4651,175.4625
2262,189.0036,192.7685,180.282
2263,244.6252,185.1962,230.2714
2264,249.6102,238.4133,191.1459
2265,253.0968,182.8919,279.0996
2266,242.2718,201.4134,197.6775
2267,201.6261,186.4727,197.7312
2268,232.1593,215.1688,299.7581
2269,224.366,230.8509,295.7277
2270,228.7639,227.1321,431.8903
2271,256.7535,232.1809,1247.7382
2272,229.6652,263.3212,1259.6195
2273,178.2461,273.7259,1154.2819
2274,207.0536,245.1177,693.4504
2275,183.7548,200.5292,628.4634
2276,251.223,189.4311,571.8422
2277,235.0893,283.2392,422.3342
2278,219.3959,266.0485,378.4015
2279,238.4142,241.3841,329.75
2280,277.1019,312.6982,305.1127
2281,232.6703,316.7111,276.1347
2282,242.1807,297.9364,267.8422
2283,235.3565,252.6304,260.5007
2284,219.2509,276.1036,219.1135
2285,276.2913,306.5919,257.0832
2286,304.104,357.7149,218.3706
2287,304.9357,668.498,229.0006
2288,507.6591,976.8221,223.7426
2289,814.8714,968.7617,225.4525
2290,1357.9003,1244.7956,217.7723
2291,1338.012,1312.2956,184.6607
2292,1229.5763,1007.2871,212.3812
2293,875.6562,1090.3116,196.789
2294,688.036,930.7688,206.2415
2295,817.3408,889.9332,189.7886
2296,613.9001,653.3193,225.2516
2297,698.9579,536.4664,172.3138
2298,550.4782,715.8373,255.1617
2299,548.7512,592.0755,248.7948
2300,401.7233,442.0209,204.7304
2301,302.8992,585.6212,244.7952
2302,354.9975,506.9054,240.4536
2303,363.116,399.8751,245.1531
2304,288.1951,433.7867,249.9862
2305,313.8199,423.5238,181.7046
2306,219.1601,406.3173,237.8119
2307,227.3993,354.5227,243.746
2308,251.0369,330.219,235.896
2309,271.5127,236.9801,219.0899
2310,271.9767,252.9964,206.8661
2311,211.4011,254.2685,210.7789
2312,194.9664,225.0632,179.7366
2313,239.3656,244.3264,248.3967
2314,237.4169,249.219,249.4134
2315,261.6824,231.7394,228.9945
2316,225.5709,269.3929,262.2431
2317,203.4921,205.4597,227.5105
2318,181.044,190.4591,243.3277
2319,260.5079,221.8532,180.5683
2320,243.5515,222.306,189.5891
2321,233.4395,243.9014,255.6029
2322,177.9996,197.9469,177.6609
2323,249.8101,225.7409,246.0773
2324,213.6226,226.1644,222.1704
2325,184.0463,202.6676,234.4852
2326,241.0784,180.8159,252.2849
2327,210.4534,179.3301,265.3041
2328,175.7753,224.8665,180.3606
2329,255.9262,247.6138,193.6618
2330,196.8056,233.4273,219.8043
2331,239.2265,193.3094,185.3493
2332,206.8264,207.7927,250.4174
2333,241.38,243.0555,182.1953
2334,184.5731,256.8528,193.3604
2335,189.0091,259.4814,230.7317
2336,181.0777,178.3731,188.3721
2337,174.4232,222.2549,195.0805
2338,235.4068,179.4273,185.9311
2339,199.0914,204.3529,253.556
2340,206.7101,252.6097,194.5136
2341,185.4848,203.3112,206.069
2342,236.2141,196.2054,205.6006
2343,222.6937,178.7267,187.2739
2344,190.2163,191.3986,243.6085
2345,219.1971,187.4639,239.5273
2346,247.3121,234.5702,241.6335
2347,202.0252,252.4965,265.8766
2348,180.2123,197.2737,295.2009
2349,209.3271,194.0856,334.1969
2350,238.8499,233.5647,500.3887
2351,254.8891,239.8149,1088.5738
2352,239.9018,184.325,950.3196
2353,203.8666,179.9141,890.534
2354,190.8243,193.7167,847.8927
2355,202.1585,214.3213,690.9746
2356,181.5241,245.5562,507.8457
2357,200.7373,180.0652,399.5478
2358,185.0703,182.2378,327.4777
2359,251.6185,218.0377,303.5399
2360,179.0015,176.6354,370.8029
2361,183.7319,226.6317,254.4759
2362,183.4377,196.7671,235.5283
2363,194.6233,240.9989,231.537
2364,199.4227,177.4101,223.4505
2365,190.5832,169.977,231.4833
2366,187.3554,193.6561,248.6876
2367,204.6706,188.6074,221.0097
2368,205.4717,243.9451,194.4883
2369,185.3271,241.4162,184.8661
2370,245.0183,204.3201,257.9925
2371,186.2739,228.2507,197.0764
2372,238.593,182.0795,195.1303
2373,239.0,192.7991,210.031
2374,229.8706,238.8253,223.6615
2375,202.2397,227.5077,183.1867
2376,182.8902,269.8402,185.6642
2377,195.3717,207.6324,222.0915
2378,236.1226,228.4464,195.2118
2379,174.4204,250.0556,191.9501
2380,253.8312,229.5239,236.3665
2381,204.9463,224.8419,195.9499
2382,227.933,214.8552,243.479
2383,206.9649,224.0187,257.4616
2384,197.0072,232.6638,213.2107
2385,233.1978,195.0775,218.9197
2386,270.8826,238.0455,218.0911
2387,219.153,241.1505,167.2544
2388,251.9719,244.7575,246.543
2389,236.8323,225.8823,166.6354
2390,253.9455,201.5654,194.8516
2391,204.6759,181.2669,228.4912
2392,231.3233,185.3227,190.2958
2393,206.8826,170.1642,201.1618
2394,185.9881,216.9225,217.751
2395,190.3398,238.0556,230.2283
2396,227.7728,203.5459,179.4432
2397,254.9601,246.9554,186.1772
2398,210.5137,233.7019,199.5792
2399,251.116,204.7547,189.3758
2400,242.6634,247.0651,234.5726
2401,335.2964,257.3799,226.4015
2402,279.5866,258.0016,228.3624
2403,467.4016,188.8224,201.4475
2404,859.4639,269.4106,211.4882
2405,1271.6526,196.3779,176.8658
2406,1165.6877,217.67,175.2668
2407,1100.2663,286.4972,200.9364
2408,1063.5741,254.6795,182.9687
2409,907.1636,250.8549,251.9533
2410,670.5582,234.4818,237.6594
2411,669.4551,206.5727,174.4853
2412,490.6362,228.2925,237.5488
2413,521.3404,219.6175,213.9056
2414,486.4128,252.2422,229.4457
2415,452.9075,178.8603,211.4588
2416,365.2383,196.7977,206.26
2417,317.0641,237.9556,234.0234
2418,328.0741,195.8245,229.489
2419,329.9257,181.4197,252.3329
2420,236.9949,177.6479,198.1635
2421,276.2968,232.4959,189.2169
2422,254.9397,253.13,190.8263
2423,262.9695,230.5192,222.6464
2424,252.3852,240.6221,191.0272
2425,221.6677,233.1788,232.2586
2426,238.045,171.4143,168.7198
2427,191.8008,241.6052,206.7784
2428,223.2999,198.4346,216.0746
2429,190.9205,268.9461,194.7226
2430,215.9415,196.6986,259.1458
2431,262.1839,215.8945,232.4208
2432,252.8108,202.7002,191.4148
2433,253.9065,247.6569,259.9146
2434,202.9547,186.7993,246.6611
2435,173.3168,214.8904,202.3851
2436,209.7972,167.8719,212.1868
2437,200.9486,253.6696,264.9365
2438,183.595,236.7794,253.5122
2439,195.0396,230.2712,223.9914
2440,210.3893,218.6398,192.7882
2441,214.0335,215.179,197.1934
2442,179.9637,238.2417,192.9372
2443,218.9834,187.3715,232.6706
2444,230.9125,195.1619,256.5177
2445,220.3405,182.6303,231.8978
2446,197.431,227.673,225.1686
2447,221.112,236.4604,226.439
2448,204.9114,188.8448,272.7776
2449,224.4508,280.6866,324.5982
2450,180.3196,267.7056,412.9617
2451,214.4364,261.2904,1026.4621
2452,167.9136,212.9566,1046.7264
2453,235.5327,192.1959,1064.9895
2454,230.4297,194.5848,854.9068
2455,179.2045,208.7064,686.828
2456,216.5065,246.5811,520.9412
2457,179.8401,260.4615,402.4248
2458,177.1835,240.0932,409.0767
2459,229.273,195.664,364.2107
2460,253.507,268.8227,303.8475
2461,207.2962,263.9819,272.4596
2462,202.3276,255.653,209.0445
2463,168.144,305.418,277.2464
2464,191.9163,280.9521,223.6018
2465,206.359,248.1059,185.913
2466,243.9326,307.7867,200.2283
2467,226.4602,257.713,254.7848
2468,199.2864,393.5921,191.5622
2469,243.0632,313.7428,229.2409
2470,191.1337,364.1366,217.3902
2471,176.7364,715.048,219.8141
2472,176.7451,978.0149,257.5188
2473,197.2877,933.3501,214.4042
2474,224.326,1138.4782,242.8205
2475,237.6692,1313.1215,243.6635
2476,224.3349,1092.5678,249.7127
2477,261.7115,934.1067,227.7665
2478,230.2623,846.3338,244.1471
2479,244.9915,873.6525,187.1038
2480,240.7568,709.5197,175.8919
2481,233.4097,621.0428,241.3257
2482,234.7931,587.4966,177.3352
2483,177.7807,562.6848,201.6947
2484,191.4546,508.0291,216.795
2485,180.8583,364.8457,243.6509
2486,245.3907,469.2601,245.3965
2487,219.7154,442.3264,214.4567
2488,207.6462,366.7802,184.3696
2489,231.6112,353.1722,235.9009
2490,211.9025,312.4936,248.6111
2491,209.5718,317.6527,235.608
2492,183.4461,260.9966,191.2108
2493,196.5393,276.1247,184.2688
2494,164.5469,231.0727,180.6294
2495,164.6362,272.8514,183.9084
2496,167.7032,189.0411,188.651
2497,219.4477,200.3092,228.6588
2498,244.0338,200.3266,203.6374
2499,243.4531,187.1605,218.67
2500,194.5746,235.5643,222.6269
2501,221.8748,208.8272,167.4697
2502,196.5862,229.2719,216.113
2503,183.8079,209.5623,169.2335
2504,247.3437,205.8547,177.0544
2505,244.4705,220.0887,258.4017
2506,257.8343,197.7623,223.0086
2507,257.0067,231.5814,204.1869
2508,177.4123,200.8047,195.3331
2509,206.9783,216.5859,213.7481
2510,189.962,210.604,219.5113
2511,221.5348,263.3641,206.9816
2512,216.1732,174.9711,205.3486
2513,208.0484,210.126,197.7081
2514,216.2158,219.4125,261.2555
2515,215.0453,212.8684,259.8637
2516,232.7062,194.9105,224.1376
2517,233.5712,199.0218,282.1271
2518,247.8754,242.4501,224.2798
2519,212.7124,196.2727,280.7234
2520,233.9658,180.6744,365.1373
2521,191.6148,253.1468,817.8071
2522,215.626,253.5544,999.4969
2523,202.1566,206.4833,1016.4201
2524,185.4855,240.4696,1047.7444
2525,191.432,249.7916,763.9454
2526,195.8736,198.3034,697.6747
2527,251.8545,220.0863,534.1711
2528,239.9286,193.3826,446.4196
2529,271.5158,234.8116,327.2157
2530,203.2134,213.5213,261.0267
